"Text","Date","Time","Draft","Facebook","Twitter/X","LinkedIn","GBP","Instagram","Pinterest","TikTok","Youtube","Threads","Bluesky","Picture Url 1","Picture Url 2","Picture Url 3","Picture Url 4","Picture Url 5","Picture Url 6","Picture Url 7","Picture Url 8","Picture Url 9","Picture Url 10","Alt text picture 1","Alt text picture 2","Alt text picture 3","Alt text picture 4","Alt text picture 5","Alt text picture 6","Alt text picture 7","Alt text picture 8","Alt text picture 9","Alt text picture 10","Document title","Shortener","Video Thumbnail Url","Video Cover Frame","Twitter/X Can reply","Twitter/X Type","Twitter/X Poll Duration minutes","Twitter/X Poll Option 1","Twitter/X Poll Option 2","Twitter/X Poll Option 3","Twitter/X Poll Option 4","Pinterest Board","Pinterest Pin Title","Pinterest Pin Link","Pinterest Pin New Format","Instagram Post Type","Instagram Show Reel On Feed","Instagram Trial Reel Share Automatically","Youtube Video Title","Youtube Video Type","Youtube Video Privacy","Youtube video for kids","Youtube AI generated content","Youtube notify subscribers","Youtube Video Category","Youtube Video Tags","Youtube playlist","GBP Post Type","Facebook Post Type","Facebook Title","First Comment Text","TikTok Title","TikTok disable comments","TikTok disable duet","TikTok disable stitch","TikTok Post Privacy","TikTok Branded Content","TikTok Your Brand","TikTok Auto Add Music","TikTok Photo Cover Index","TikTok musicId","TikTok music title","TikTok music author","TikTok music previewUrl","TikTok music thumbnailUrl","TikTok music soundVolume","TikTok music originalVolume","TikTok music startMillis","TikTok music endMillis","TikTok Ai generated content","LinkedIn Type","LinkedIn Poll Question","LinkedIn Poll Option 1","LinkedIn Poll Option 2","LinkedIn Poll Option 3","LinkedIn Poll Option 4","LinkedIn Poll Duration","LinkedIn Show link preview","LinkedIn Images as Carousel","Threads Reply Control","Threads Is Spoiler","Threads Post Type","Brand name"

Kışlık outdoor ile ürünün doğru sahnede, doğru stilde görünür.

👉 Yeni üyelere 2 paket ücretsiz — link profilde.

#şişmemont #tesettürmont #kış #eticaret #butik #instagrambutik #trendyolsatıcı #ürünfotoğrafı #mankençekimi #yapayzeka #fitroomus","2026-10-03","20:30:00",false,true,false,false,false,true,false,false,false,false,false,"https://raw.githubusercontent.com/iletisim-prog/fitroomus-sosyal-medya/main/g/f-os-sisme-1.jpg","","","","","","","","","","Uzun şişme mont ürün fotoğrafı ve fitroomus yapay zeka manken görseli (Kışlık outdoor)","","","","","","","","","","",false,"","","","","","","","","","","","","","POST",false,"","","","","","","","","","","","POST","","","","","","","","","","","","","","","","","","","","","","","","","","","","","","","","","",""
"Uzun hırka · fitroomus ile 1 dakikada ✨ fitroomus.com","2026-10-03","21:30:00",false,true,false,false,false,true,false,false,false,false,false,"https://raw.githubusercontent.com/iletisim-prog/fitroomus-sosyal-medya/main/g/s-os-hirka.jpg","","","","","","","","","","Uzun hırka ürün fotoğrafı ve fitroomus yapay zeka manken görseli (Ev/rahat giyim)","","","","","","","","","","",false,"","","","","","","","","","","","","","STORY",false,"","","","","","","","","","","","STORY","","","","","","","","","","","","","","","","","","","","","","","","","","","","","","","","","",""
"Eşofman takımı · fitroomus ile 1 dakikada ✨ fitroomus.com","2026-10-03","22:30:00",false,true,false,false,false,true,false,false,false,false,false,"https://raw.githubusercontent.com/iletisim-prog/fitroomus-sosyal-medya/main/g/s-hero-esofman.jpg","","","","","","","","","","Eşofman takımı ürün fotoğrafı ve fitroomus yapay zeka manken görseli (Spor modu)","","","","","","","","","","",false,"","","","","","","","","","","","","","STORY",false,"","","","","","","","","","","","STORY","","","","","","","","","","","","","","","","","","","","","","","","","","","","","","","","","",""
"Trençkot · fitroomus ile 1 dakikada ✨ fitroomus.com","2026-10-04","08:30:00",false,true,false,false,false,true,false,false,false,false,false,"https://raw.githubusercontent.com/iletisim-prog/fitroomus-sosyal-medya/main/g/s-hero-trenc.jpg","","","","","","","","","","Trençkot ürün fotoğrafı ve fitroomus yapay zeka manken görseli (Sokak stili)","","","","","","","","","","",false,"","","","","","","","","","","","","","STORY",false,"","","","","","","","","","","","STORY","","","","","","","","","","","","","","","","","","","","","","","","","","","","","","","","","",""
"Triko elbise için stüdyo kiralamana gerek yok. ✨

Trendyol, Instagram ve web siten için hazır, yüksek çözünürlüklü görseller.

👉 Ücretsiz dene: fitroomus.com

#trikoelbise #elbise #günlükstil #eticarettürkiye #butikgiyim #onlinesatış #ürünçekimi #yapayzekafotoğraf #kadıngiyim #fitroomus","2026-10-04","10:00:00",false,true,false,false,false,true,false,false,false,false,false,"https://raw.githubusercontent.com/iletisim-prog/fitroomus-sosyal-medya/main/g/f-ilk-03-yerde-cektin-sorun-degil.jpg","","","","","","","","","","Triko elbise ürün fotoğrafı ve fitroomus yapay zeka manken görseli (Günlük casual)","","","","","","","","","","",false,"","","","","","","","","","","","","","POST",false,"","","","","","","","","","","","POST","","","","","","","","","","","","","","","","","","","","","","","","","","","","","","","","","",""
"Mobil uygulama var mı? · fitroomus.com","2026-10-04","12:00:00",false,true,false,false,false,true,false,false,false,false,false,"https://raw.githubusercontent.com/iletisim-prog/fitroomus-sosyal-medya/main/g/s-ipucu-18.jpg","","","","","","","","","","fitroomus soru-cevap: Mobil uygulama var mı?","","","","","","","","","","",false,"","","","","","","","","","","","","","STORY",false,"","","","","","","","","","","","STORY","","","","","","","","","","","","","","","","","","","","","","","","","","","","","","","","","",""
"Önce / sonra: pliseli etek 👇

fitroomus yapay zekası ürünü mankene giydiriyor: renk, kumaş ve kalıp aynen korunuyor.

👉 Kendi ürününle dene, ilk 2 paket bizden.

#etek #pliseetek #ofisşıklığı #butiksahibi #girişimci #eticaretipuçları #ürüngörseli #aimodel #modatasarım #fitroomus","2026-10-04","13:30:00",false,true,false,false,false,true,false,false,false,false,false,"https://raw.githubusercontent.com/iletisim-prog/fitroomus-sosyal-medya/main/g/f-os-etek-1.jpg","","","","","","","","","","Pliseli etek ürün fotoğrafı ve fitroomus yapay zeka manken görseli (Ofis modu)","","","","","","","","","","",false,"","","","","","","","","","","","","","POST",false,"","","","","","","","","","","","POST","","","","","","","","","","","","","","","","","","","","","","","","","","","","","","","","","",""
"Triko elbise · fitroomus ile 1 dakikada ✨ fitroomus.com","2026-10-04","15:30:00",false,true,false,false,false,true,false,false,false,false,false,"https://raw.githubusercontent.com/iletisim-prog/fitroomus-sosyal-medya/main/g/s-os-kahve.jpg","","","","","","","","","","Triko elbise ürün fotoğrafı ve fitroomus yapay zeka manken görseli (Günlük casual)","","","","","","","","","","",false,"","","","","","","","","","","","","","STORY",false,"","","","","","","","","","","","STORY","","","","","","","","","","","","","","","","","","","","","","","","","","","","","","","","","",""
"Abiye fotoğrafını telefonla çektin mi? 📱

Tek fotoğraftan aynı mankenle 4 poz: önden, yarı dönük, yakın plan ve yürürken.

👉 Kredi kartı gerekmez. fitroomus.com

#abiye #abiyeelbise #davetelbisesi #eticaret #butik #instagrambutik #trendyolsatıcı #ürünfotoğrafı #mankençekimi #yapayzeka #fitroomus","2026-10-04","17:30:00",false,true,false,false,false,true,false,false,false,false,false,"https://raw.githubusercontent.com/iletisim-prog/fitroomus-sosyal-medya/main/g/f-ilk-04-abiye.jpg","","","","","","","","","","Abiye ürün fotoğrafı ve fitroomus yapay zeka manken görseli (Gelinlik/Abiye modu)","","","","","","","","","","",false,"","","","","","","","","","","","","","POST",false,"","","","","","","","","","","","POST","","","","","","","","","","","","","","","","","","","","","","","","","","","","","","","","","",""
"Saten bluz · fitroomus ile 1 dakikada ✨ fitroomus.com","2026-10-04","19:00:00",false,true,false,false,false,true,false,false,false,false,false,"https://raw.githubusercontent.com/iletisim-prog/fitroomus-sosyal-medya/main/g/s-hero-saten.jpg","","","","","","","","","","Saten bluz ürün fotoğrafı ve fitroomus yapay zeka manken görseli (Davet şıklığı)","","","","","","","","","","",false,"","","","","","","","","","","","","","STORY",false,"","","","","","","","","","","","STORY","","","","","","","","","","","","","","","","","","","","","","","","","","","","","","","","","",""
"Soru-cevap: Trendyol'a yükleyebilir miyim? 💡

Evet. Görseller yüksek çözünürlüklü JPG; ZIP olarak tek tıkla iner.

👉 Kredi kartı gerekmez. fitroomus.com

#eticarettürkiye #butikgiyim #onlinesatış #ürünçekimi #yapayzekafotoğraf #kadıngiyim #fitroomus","2026-10-04","20:30:00",false,true,false,false,false,true,false,false,false,false,false,"https://raw.githubusercontent.com/iletisim-prog/fitroomus-sosyal-medya/main/g/f-ipucu-17.jpg","","","","","","","","","","fitroomus soru-cevap: Trendyol'a yükleyebilir miyim?","","","","","","","","","","",false,"","","","","","","","","","","","","","POST",false,"","","","","","","","","","","","POST","","","","","","","","","","","","","","","","","","","","","","","","","","","","","","","","","",""
"Sweatshirt · fitroomus ile 1 dakikada ✨ fitroomus.com","2026-10-04","21:30:00",false,true,false,false,false,true,false,false,false,false,false,"https://raw.githubusercontent.com/iletisim-prog/fitroomus-sosyal-medya/main/g/s-os-sweat.jpg","","","","","","","","","","Sweatshirt ürün fotoğrafı ve fitroomus yapay zeka manken görseli (Günlük casual)","","","","","","","","","","",false,"","","","","","","","","","","","","","STORY",false,"","","","","","","","","","","","STORY","","","","","","","","","","","","","","","","","","","","","","","","","","","","","","","","","",""
"Abiye · fitroomus ile 1 dakikada ✨ fitroomus.com","2026-10-04","22:30:00",false,true,false,false,false,true,false,false,false,false,false,"https://raw.githubusercontent.com/iletisim-prog/fitroomus-sosyal-medya/main/g/s-ilk-S3-hediye.jpg","","","","","","","","","","Abiye ürün fotoğrafı ve fitroomus yapay zeka manken görseli (Gelinlik/Abiye modu)","","","","","","","","","","",false,"","","","","","","","","","","","","","STORY",false,"","","","","","","","","","","","STORY","","","","","","","","","","","","","","","","","","","","","","","","","","","","","","","","","",""
"Ferace · fitroomus ile 1 dakikada ✨ fitroomus.com","2026-10-05","08:30:00",false,true,false,false,false,true,false,false,false,false,false,"https://raw.githubusercontent.com/iletisim-prog/fitroomus-sosyal-medya/main/g/s-hero-ferace.jpg","","","","","","","","","","Ferace ürün fotoğrafı ve fitroomus yapay zeka manken görseli (Tesettür modu)","","","","","","","","","","",false,"","","","","","","","","","","","","","STORY",false,"","","","","","","","","","","","STORY","","","","","","","","","","","","","","","","","","","","","","","","","","","","","","","","","",""
"Çekim günü beklemeden desenli gömlek görselin hazır. ⏱️

Sokak stili ile ürünün doğru sahnede, doğru stilde görünür.

👉 Ücretsiz dene: fitroomus.com

#gömlek #desenligömlek #sokakstili #butiksahibi #girişimci #eticaretipuçları #ürüngörseli #aimodel #modatasarım #fitroomus","2026-10-05","10:00:00",false,true,false,false,false,true,false,false,false,false,false,"https://raw.githubusercontent.com/iletisim-prog/fitroomus-sosyal-medya/main/g/f-ilk-05-maliyet.jpg","","","","","","","","","","Desenli gömlek ürün fotoğrafı ve fitroomus yapay zeka manken görseli (Sokak stili)","","","","","","","","","","",false,"","","","","","","","","","","","","","POST",false,"","","","","","","","","","","","POST","","","","","","","","","","","","","","","","","","","","","","","","","","","","","","","","","",""
"Tesettür tunik · fitroomus ile 1 dakikada ✨ fitroomus.com","2026-10-05","12:00:00",false,true,false,false,false,true,false,false,false,false,false,"https://raw.githubusercontent.com/iletisim-prog/fitroomus-sosyal-medya/main/g/s-os-tunik.jpg","","","","","","","","","","Tesettür tunik ürün fotoğrafı ve fitroomus yapay zeka manken görseli (Tesettür modu)","","","","","","","","","","",false,"","","","","","","","","","","","","","STORY",false,"","","","","","","","","","","","STORY","","","","","","","","","","","","","","","","","","","","","","","","","","","","","","","","","",""
"Soru-cevap: Ürünümün rengi değişir mi? 💡

Hayır. Renk, kumaş, desen ve boy korunur; sadece mankene giydirilir.

👉 Ücretsiz dene: fitroomus.com

#eticaret #butik #instagrambutik #trendyolsatıcı #ürünfotoğrafı #mankençekimi #yapayzeka #fitroomus","2026-10-05","13:30:00",false,true,false,false,false,true,false,false,false,false,false,"https://raw.githubusercontent.com/iletisim-prog/fitroomus-sosyal-medya/main/g/f-ipucu-15.jpg","","","","","","","","","","fitroomus soru-cevap: Ürünümün rengi değişir mi?","","","","","","","","","","",false,"","","","","","","","","","","","","","POST",false,"","","","","","","","","","","","POST","","","","","","","","","","","","","","","","","","","","","","","","","","","","","","","","","",""
"Blazer ceket · fitroomus ile 1 dakikada ✨ fitroomus.com","2026-10-05","15:30:00",false,true,false,false,false,true,false,false,false,false,false,"https://raw.githubusercontent.com/iletisim-prog/fitroomus-sosyal-medya/main/g/s-os-blazer.jpg","","","","","","","","","","Blazer ceket ürün fotoğrafı ve fitroomus yapay zeka manken görseli (Sokak stili)","","","","","","","","","","",false,"","","","","","","","","","","","","","STORY",false,"","","","","","","","","","","","STORY","","","","","","","","","","","","","","","","","","","","","","","","","","","","","","","","","",""
"Desenli gömlek için stüdyo kiralamana gerek yok. ✨

fitroomus yapay zekası ürünü mankene giydiriyor: renk, kumaş ve kalıp aynen korunuyor.

👉 Kredi kartı gerekmez. fitroomus.com

#gömlek #desenligömlek #sokakstili #eticarettürkiye #butikgiyim #onlinesatış #ürünçekimi #yapayzekafotoğraf #kadıngiyim #fitroomus","2026-10-05","17:30:00",false,true,false,false,false,true,false,false,false,false,false,"https://raw.githubusercontent.com/iletisim-prog/fitroomus-sosyal-medya/main/g/f-ilk-06-3-adimda.jpg","","","","","","","","","","Desenli gömlek ürün fotoğrafı ve fitroomus yapay zeka manken görseli (Sokak stili)","","","","","","","","","","",false,"","","","","","","","","","","","","","POST",false,"","","","","","","","","","","","POST","","","","","","","","","","","","","","","","","","","","","","","","","","","","","","","","","",""
"Triko kazak · fitroomus ile 1 dakikada ✨ fitroomus.com","2026-10-05","19:00:00",false,true,false,false,false,true,false,false,false,false,false,"https://raw.githubusercontent.com/iletisim-prog/fitroomus-sosyal-medya/main/g/s-os-triko.jpg","","","","","","","","","","Triko kazak ürün fotoğrafı ve fitroomus yapay zeka manken görseli (Günlük casual)","","","","","","","","","","",false,"","","","","","","","","","","","","","STORY",false,"","","","","","","","","","","","STORY","","","","","","","","","","","","","","","","","","","","","","","","","","","","","","","","","",""
"Önce / sonra: bol paça jean 👇

Tek fotoğraftan aynı mankenle 4 poz: önden, yarı dönük, yakın plan ve yürürken.

👉 Yeni üyelere 2 paket ücretsiz — link profilde.

#jean #kotpantolon #bolpaça #butiksahibi #girişimci #eticaretipuçları #ürüngörseli #aimodel #modatasarım #fitroomus","2026-10-05","20:30:00",false,true,false,false,false,true,false,false,false,false,false,"https://raw.githubusercontent.com/iletisim-prog/fitroomus-sosyal-medya/main/g/f-hero-kot.jpg","","","","","","","","","","Bol paça jean ürün fotoğrafı ve fitroomus yapay zeka manken görseli (Minimal stüdyo)","","","","","","","","","","",false,"","","","","","","","","","","","","","POST",false,"","","","","","","","","","","","POST","","","","","","","","","","","","","","","","","","","","","","","","","","","","","","","","","",""
"Erkek mont · fitroomus ile 1 dakikada ✨ fitroomus.com","2026-10-05","21:30:00",false,true,false,false,false,true,false,false,false,false,false,"https://raw.githubusercontent.com/iletisim-prog/fitroomus-sosyal-medya/main/g/s-hero-erkekmont.jpg","","","","","","","","","","Erkek mont ürün fotoğrafı ve fitroomus yapay zeka manken görseli (Kışlık outdoor)","","","","","","","","","","",false,"","","","","","","","","","","","","","STORY",false,"","","","","","","","","","","","STORY","","","","","","","","","","","","","","","","","","","","","","","","","","","","","","","","","",""
"Triko elbise · fitroomus ile 1 dakikada ✨ fitroomus.com","2026-10-05","22:30:00",false,true,false,false,false,true,false,false,false,false,false,"https://raw.githubusercontent.com/iletisim-prog/fitroomus-sosyal-medya/main/g/s-hero-kahve.jpg","","","","","","","","","","Triko elbise ürün fotoğrafı ve fitroomus yapay zeka manken görseli (Günlük casual)","","","","","","","","","","",false,"","","","","","","","","","","","","","STORY",false,"","","","","","","","","","","","STORY","","","","","","","","","","","","","","","","","","","","","","","","","","","","","","","","","",""
"Tesettür abiye · fitroomus ile 1 dakikada ✨ fitroomus.com","2026-10-06","08:30:00",false,true,false,false,false,true,false,false,false,false,false,"https://raw.githubusercontent.com/iletisim-prog/fitroomus-sosyal-medya/main/g/s-os-tesetturabiye.jpg","","","","","","","","","","Tesettür abiye ürün fotoğrafı ve fitroomus yapay zeka manken görseli (Gelinlik/Abiye modu)","","","","","","","","","","",false,"","","","","","","","","","","","","","STORY",false,"","","","","","","","","","","","STORY","","","","","","","","","","","","","","","","","","","","","","","","","","","","","","","","","",""
"Ferace fotoğrafını telefonla çektin mi? 📱

Stüdyo, manken, fotoğrafçı yok. Sadece telefonun ve 1 dakika.

👉 Ücretsiz dene: fitroomus.com

#ferace #tesettür #tesettürgiyim #eticaret #butik #instagrambutik #trendyolsatıcı #ürünfotoğrafı #mankençekimi #yapayzeka #fitroomus","2026-10-06","10:00:00",false,true,false,false,false,true,false,false,false,false,false,"https://raw.githubusercontent.com/iletisim-prog/fitroomus-sosyal-medya/main/g/f-ilk-07-tesettur-modu.jpg","","","","","","","","","","Ferace ürün fotoğrafı ve fitroomus yapay zeka manken görseli (Tesettür modu)","","","","","","","","","","",false,"","","","","","","","","","","","","","POST",false,"","","","","","","","","","","","POST","","","","","","","","","","","","","","","","","","","","","","","","","","","","","","","","","",""
"Arka planı sade tut. · fitroomus.com","2026-10-06","12:00:00",false,true,false,false,false,true,false,false,false,false,false,"https://raw.githubusercontent.com/iletisim-prog/fitroomus-sosyal-medya/main/g/s-ipucu-08.jpg","","","","","","","","","","fitroomus satış ipucu #8: Arka planı sade tut.","","","","","","","","","","",false,"","","","","","","","","","","","","","STORY",false,"","","","","","","","","","","","STORY","","","","","","","","","","","","","","","","","","","","","","","","","","","","","","","","","",""
"Erkek takım elbise satıyorsan bunu kaydet. 📌

Lüks editorial ile ürünün doğru sahnede, doğru stilde görünür.

👉 Kendi ürününle dene, ilk 2 paket bizden.

#takımelbise #damatlık #erkekmodası #eticarettürkiye #butikgiyim #onlinesatış #ürünçekimi #yapayzekafotoğraf #kadıngiyim #fitroomus","2026-10-06","13:30:00",false,true,false,false,false,true,false,false,false,false,false,"https://raw.githubusercontent.com/iletisim-prog/fitroomus-sosyal-medya/main/g/f-os-erkektakim-1.jpg","","","","","","","","","","Erkek takım elbise ürün fotoğrafı ve fitroomus yapay zeka manken görseli (Lüks editorial)","","","","","","","","","","",false,"","","","","","","","","","","","","","POST",false,"","","","","","","","","","","","POST","","","","","","","","","","","","","","","","","","","","","","","","","","","","","","","","","",""
"Plaj elbisesi · fitroomus ile 1 dakikada ✨ fitroomus.com","2026-10-06","15:30:00",false,true,false,false,false,true,false,false,false,false,false,"https://raw.githubusercontent.com/iletisim-prog/fitroomus-sosyal-medya/main/g/s-os-plaj.jpg","","","","","","","","","","Plaj elbisesi ürün fotoğrafı ve fitroomus yapay zeka manken görseli (Plaj stili)","","","","","","","","","","",false,"","","","","","","","","","","","","","STORY",false,"","","","","","","","","","","","STORY","","","","","","","","","","","","","","","","","","","","","","","","","","","","","","","","","",""
"Çekim günü beklemeden kuşaklı elbise görselin hazır. ⏱️

Trendyol, Instagram ve web siten için hazır, yüksek çözünürlüklü görseller.

👉 Kredi kartı gerekmez. fitroomus.com

#elbise #midielbise #minimalstil #butiksahibi #girişimci #eticaretipuçları #ürüngörseli #aimodel #modatasarım #fitroomus","2026-10-06","17:30:00",false,true,false,false,false,true,false,false,false,false,false,"https://raw.githubusercontent.com/iletisim-prog/fitroomus-sosyal-medya/main/g/f-ilk-08-2-paket-hediye.jpg","","","","","","","","","","Kuşaklı elbise ürün fotoğrafı ve fitroomus yapay zeka manken görseli (Minimal stüdyo)","","","","","","","","","","",false,"","","","","","","","","","","","","","POST",false,"","","","","","","","","","","","POST","","","","","","","","","","","","","","","","","","","","","","","","","","","","","","","","","",""
"Kaftan · fitroomus ile 1 dakikada ✨ fitroomus.com","2026-10-06","19:00:00",false,true,false,false,false,true,false,false,false,false,false,"https://raw.githubusercontent.com/iletisim-prog/fitroomus-sosyal-medya/main/g/s-hero-kaftan.jpg","","","","","","","","","","Kaftan ürün fotoğrafı ve fitroomus yapay zeka manken görseli (Lüks editorial)","","","","","","","","","","",false,"","","","","","","","","","","","","","STORY",false,"","","","","","","","","","","","STORY","","","","","","","","","","","","","","","","","","","","","","","","","","","","","","","","","",""
"Bu abaya mağazada askıda duruyordu. 👀

fitroomus yapay zekası ürünü mankene giydiriyor: renk, kumaş ve kalıp aynen korunuyor.

👉 Yeni üyelere 2 paket ücretsiz — link profilde.

#abaya #tesettür #işlemeliabaya #eticaret #butik #instagrambutik #trendyolsatıcı #ürünfotoğrafı #mankençekimi #yapayzeka #fitroomus","2026-10-06","20:30:00",false,true,false,false,false,true,false,false,false,false,false,"https://raw.githubusercontent.com/iletisim-prog/fitroomus-sosyal-medya/main/g/f-os-abaya-2.jpg","","","","","","","","","","Abaya ürün fotoğrafı ve fitroomus yapay zeka manken görseli (Lüks editorial)","","","","","","","","","","",false,"","","","","","","","","","","","","","POST",false,"","","","","","","","","","","","POST","","","","","","","","","","","","","","","","","","","","","","","","","","","","","","","","","",""
"Nişan elbisesi · fitroomus ile 1 dakikada ✨ fitroomus.com","2026-10-06","21:30:00",false,true,false,false,false,true,false,false,false,false,false,"https://raw.githubusercontent.com/iletisim-prog/fitroomus-sosyal-medya/main/g/s-hero-nisan.jpg","","","","","","","","","","Nişan elbisesi ürün fotoğrafı ve fitroomus yapay zeka manken görseli (Davet şıklığı)","","","","","","","","","","",false,"","","","","","","","","","","","","","STORY",false,"","","","","","","","","","","","STORY","","","","","","","","","","","","","","","","","","","","","","","","","","","","","","","","","",""
"Polar ceket · fitroomus ile 1 dakikada ✨ fitroomus.com","2026-10-06","22:30:00",false,true,false,false,false,true,false,false,false,false,false,"https://raw.githubusercontent.com/iletisim-prog/fitroomus-sosyal-medya/main/g/s-hero-polar.jpg","","","","","","","","","","Polar ceket ürün fotoğrafı ve fitroomus yapay zeka manken görseli (Kışlık outdoor)","","","","","","","","","","",false,"","","","","","","","","","","","","","STORY",false,"","","","","","","","","","","","STORY","","","","","","","","","","","","","","","","","","","","","","","","","","","","","","","","","",""
"Çiçekli elbise · fitroomus ile 1 dakikada ✨ fitroomus.com","2026-10-07","08:30:00",false,true,false,false,false,true,false,false,false,false,false,"https://raw.githubusercontent.com/iletisim-prog/fitroomus-sosyal-medya/main/g/s-os-elbisecicek.jpg","","","","","","","","","","Çiçekli elbise ürün fotoğrafı ve fitroomus yapay zeka manken görseli (Günlük casual)","","","","","","","","","","",false,"","","","","","","","","","","","","","STORY",false,"","","","","","","","","","","","STORY","","","","","","","","","","","","","","","","","","","","","","","","","","","","","","","","","",""
"Pliseli etek için stüdyo kiralamana gerek yok. ✨

Tek fotoğraftan aynı mankenle 4 poz: önden, yarı dönük, yakın plan ve yürürken.

👉 Ücretsiz dene: fitroomus.com

#etek #pliseetek #ofisşıklığı #eticarettürkiye #butikgiyim #onlinesatış #ürünçekimi #yapayzekafotoğraf #kadıngiyim #fitroomus","2026-10-07","10:00:00",false,true,false,false,false,true,false,false,false,false,false,"https://raw.githubusercontent.com/iletisim-prog/fitroomus-sosyal-medya/main/g/f-os-etek-2.jpg","","","","","","","","","","Pliseli etek ürün fotoğrafı ve fitroomus yapay zeka manken görseli (Ofis modu)","","","","","","","","","","",false,"","","","","","","","","","","","","","POST",false,"","","","","","","","","","","","POST","","","","","","","","","","","","","","","","","","","","","","","","","","","","","","","","","",""
"Ürünümün rengi değişir mi? · fitroomus.com","2026-10-07","12:00:00",false,true,false,false,false,true,false,false,false,false,false,"https://raw.githubusercontent.com/iletisim-prog/fitroomus-sosyal-medya/main/g/s-ipucu-15.jpg","","","","","","","","","","fitroomus soru-cevap: Ürünümün rengi değişir mi?","","","","","","","","","","",false,"","","","","","","","","","","","","","STORY",false,"","","","","","","","","","","","STORY","","","","","","","","","","","","","","","","","","","","","","","","","","","","","","","","","",""
"Önce / sonra: ferace 👇

Stüdyo, manken, fotoğrafçı yok. Sadece telefonun ve 1 dakika.

👉 Kendi ürününle dene, ilk 2 paket bizden.

#ferace #tesettür #tesettürgiyim #butiksahibi #girişimci #eticaretipuçları #ürüngörseli #aimodel #modatasarım #fitroomus","2026-10-07","13:30:00",false,true,false,false,false,true,false,false,false,false,false,"https://raw.githubusercontent.com/iletisim-prog/fitroomus-sosyal-medya/main/g/f-os-ferace-2.jpg","","","","","","","","","","Ferace ürün fotoğrafı ve fitroomus yapay zeka manken görseli (Tesettür modu)","","","","","","","","","","",false,"","","","","","","","","","","","","","POST",false,"","","","","","","","","","","","POST","","","","","","","","","","","","","","","","","","","","","","","","","","","","","","","","","",""
"Kot ceket · fitroomus ile 1 dakikada ✨ fitroomus.com","2026-10-07","15:30:00",false,true,false,false,false,true,false,false,false,false,false,"https://raw.githubusercontent.com/iletisim-prog/fitroomus-sosyal-medya/main/g/s-os-jeanceket.jpg","","","","","","","","","","Kot ceket ürün fotoğrafı ve fitroomus yapay zeka manken görseli (Sokak stili)","","","","","","","","","","",false,"","","","","","","","","","","","","","STORY",false,"","","","","","","","","","","","STORY","","","","","","","","","","","","","","","","","","","","","","","","","","","","","","","","","",""
"Trençkot fotoğrafını telefonla çektin mi? 📱

Sokak stili ile ürünün doğru sahnede, doğru stilde görünür.

👉 Kredi kartı gerekmez. fitroomus.com

#trençkot #trenchcoat #sonbaharkombin #eticaret #butik #instagrambutik #trendyolsatıcı #ürünfotoğrafı #mankençekimi #yapayzeka #fitroomus","2026-10-07","17:30:00",false,true,false,false,false,true,false,false,false,false,false,"https://raw.githubusercontent.com/iletisim-prog/fitroomus-sosyal-medya/main/g/f-os-trenc-1.jpg","","","","","","","","","","Trençkot ürün fotoğrafı ve fitroomus yapay zeka manken görseli (Sokak stili)","","","","","","","","","","",false,"","","","","","","","","","","","","","POST",false,"","","","","","","","","","","","POST","","","","","","","","","","","","","","","","","","","","","","","","","","","","","","","","","",""
"Erkek takım elbise · fitroomus ile 1 dakikada ✨ fitroomus.com","2026-10-07","19:00:00",false,true,false,false,false,true,false,false,false,false,false,"https://raw.githubusercontent.com/iletisim-prog/fitroomus-sosyal-medya/main/g/s-os-erkektakim.jpg","","","","","","","","","","Erkek takım elbise ürün fotoğrafı ve fitroomus yapay zeka manken görseli (Lüks editorial)","","","","","","","","","","",false,"","","","","","","","","","","","","","STORY",false,"","","","","","","","","","","","STORY","","","","","","","","","","","","","","","","","","","","","","","","","","","","","","","","","",""
"Kuşaklı elbise satıyorsan bunu kaydet. 📌

Trendyol, Instagram ve web siten için hazır, yüksek çözünürlüklü görseller.

👉 Yeni üyelere 2 paket ücretsiz — link profilde.

#elbise #midielbise #minimalstil #eticarettürkiye #butikgiyim #onlinesatış #ürünçekimi #yapayzekafotoğraf #kadıngiyim #fitroomus","2026-10-07","20:30:00",false,true,false,false,false,true,false,false,false,false,false,"https://raw.githubusercontent.com/iletisim-prog/fitroomus-sosyal-medya/main/g/f-os-gri-1.jpg","","","","","","","","","","Kuşaklı elbise ürün fotoğrafı ve fitroomus yapay zeka manken görseli (Minimal stüdyo)","","","","","","","","","","",false,"","","","","","","","","","","","","","POST",false,"","","","","","","","","","","","POST","","","","","","","","","","","","","","","","","","","","","","","","","","","","","","","","","",""
"Erkek mont · fitroomus ile 1 dakikada ✨ fitroomus.com","2026-10-07","21:30:00",false,true,false,false,false,true,false,false,false,false,false,"https://raw.githubusercontent.com/iletisim-prog/fitroomus-sosyal-medya/main/g/s-os-erkekmont.jpg","","","","","","","","","","Erkek mont ürün fotoğrafı ve fitroomus yapay zeka manken görseli (Kışlık outdoor)","","","","","","","","","","",false,"","","","","","","","","","","","","","STORY",false,"","","","","","","","","","","","STORY","","","","","","","","","","","","","","","","","","","","","","","","","","","","","","","","","",""
"Gelinlik · fitroomus ile 1 dakikada ✨ fitroomus.com","2026-10-07","22:30:00",false,true,false,false,false,true,false,false,false,false,false,"https://raw.githubusercontent.com/iletisim-prog/fitroomus-sosyal-medya/main/g/s-hero-gelinlik.jpg","","","","","","","","","","Gelinlik ürün fotoğrafı ve fitroomus yapay zeka manken görseli (Gelinlik/Abiye modu)","","","","","","","","","","",false,"","","","","","","","","","","","","","STORY",false,"","","","","","","","","","","","STORY","","","","","","","","","","","","","","","","","","","","","","","","","","","","","","","","","",""
"Ürün fotoğrafını gün ışığında çek. · fitroomus.com","2026-10-08","08:30:00",false,true,false,false,false,true,false,false,false,false,false,"https://raw.githubusercontent.com/iletisim-prog/fitroomus-sosyal-medya/main/g/s-ipucu-04.jpg","","","","","","","","","","fitroomus satış ipucu #4: Ürün fotoğrafını gün ışığında çek.","","","","","","","","","","",false,"","","","","","","","","","","","","","STORY",false,"","","","","","","","","","","","STORY","","","","","","","","","","","","","","","","","","","","","","","","","","","","","","","","","",""
"Çekim günü beklemeden eşofman takımı görselin hazır. ⏱️

fitroomus yapay zekası ürünü mankene giydiriyor: renk, kumaş ve kalıp aynen korunuyor.

👉 Ücretsiz dene: fitroomus.com

#eşofman #eşofmantakımı #athleisure #butiksahibi #girişimci #eticaretipuçları #ürüngörseli #aimodel #modatasarım #fitroomus","2026-10-08","10:00:00",false,true,false,false,false,true,false,false,false,false,false,"https://raw.githubusercontent.com/iletisim-prog/fitroomus-sosyal-medya/main/g/f-hero-esofman.jpg","","","","","","","","","","Eşofman takımı ürün fotoğrafı ve fitroomus yapay zeka manken görseli (Spor modu)","","","","","","","","","","",false,"","","","","","","","","","","","","","POST",false,"","","","","","","","","","","","POST","","","","","","","","","","","","","","","","","","","","","","","","","","","","","","","","","",""
"Eşofman takımı · fitroomus ile 1 dakikada ✨ fitroomus.com","2026-10-08","12:00:00",false,true,false,false,false,true,false,false,false,false,false,"https://raw.githubusercontent.com/iletisim-prog/fitroomus-sosyal-medya/main/g/s-os-esofman.jpg","","","","","","","","","","Eşofman takımı ürün fotoğrafı ve fitroomus yapay zeka manken görseli (Spor modu)","","","","","","","","","","",false,"","","","","","","","","","","","","","STORY",false,"","","","","","","","","","","","STORY","","","","","","","","","","","","","","","","","","","","","","","","","","","","","","","","","",""
"Bu erkek mont mağazada askıda duruyordu. 👀

Tek fotoğraftan aynı mankenle 4 poz: önden, yarı dönük, yakın plan ve yürürken.

👉 Kendi ürününle dene, ilk 2 paket bizden.

#erkekmont #şişmemont #kışmodası #eticaret #butik #instagrambutik #trendyolsatıcı #ürünfotoğrafı #mankençekimi #yapayzeka #fitroomus","2026-10-08","13:30:00",false,true,false,false,false,true,false,false,false,false,false,"https://raw.githubusercontent.com/iletisim-prog/fitroomus-sosyal-medya/main/g/f-os-erkekmont-2.jpg","","","","","","","","","","Erkek mont ürün fotoğrafı ve fitroomus yapay zeka manken görseli (Kışlık outdoor)","","","","","","","","","","",false,"","","","","","","","","","","","","","POST",false,"","","","","","","","","","","","POST","","","","","","","","","","","","","","","","","","","","","","","","","","","","","","","","","",""
"Polar ceket · fitroomus ile 1 dakikada ✨ fitroomus.com","2026-10-08","15:30:00",false,true,false,false,false,true,false,false,false,false,false,"https://raw.githubusercontent.com/iletisim-prog/fitroomus-sosyal-medya/main/g/s-os-polar.jpg","","","","","","","","","","Polar ceket ürün fotoğrafı ve fitroomus yapay zeka manken görseli (Kışlık outdoor)","","","","","","","","","","",false,"","","","","","","","","","","","","","STORY",false,"","","","","","","","","","","","STORY","","","","","","","","","","","","","","","","","","","","","","","","","","","","","","","","","",""
"Pardesü için stüdyo kiralamana gerek yok. ✨

Stüdyo, manken, fotoğrafçı yok. Sadece telefonun ve 1 dakika.

👉 Kredi kartı gerekmez. fitroomus.com

#pardesü #tesettürpardesü #sonbahar #eticarettürkiye #butikgiyim #onlinesatış #ürünçekimi #yapayzekafotoğraf #kadıngiyim #fitroomus","2026-10-08","17:30:00",false,true,false,false,false,true,false,false,false,false,false,"https://raw.githubusercontent.com/iletisim-prog/fitroomus-sosyal-medya/main/g/f-hero-pardesu.jpg","","","","","","","","","","Pardesü ürün fotoğrafı ve fitroomus yapay zeka manken görseli (Tesettür modu)","","","","","","","","","","",false,"","","","","","","","","","","","","","POST",false,"","","","","","","","","","","","POST","","","","","","","","","","","","","","","","","","","","","","","","","","","","","","","","","",""
"Aynı manken = güvenilir mağaza. · fitroomus.com","2026-10-08","19:00:00",false,true,false,false,false,true,false,false,false,false,false,"https://raw.githubusercontent.com/iletisim-prog/fitroomus-sosyal-medya/main/g/s-ipucu-03.jpg","","","","","","","","","","fitroomus satış ipucu #3: Aynı manken = güvenilir mağaza.","","","","","","","","","","",false,"","","","","","","","","","","","","","STORY",false,"","","","","","","","","","","","STORY","","","","","","","","","","","","","","","","","","","","","","","","","","","","","","","","","",""
"Satış ipucu #7: Tesettür ürünlerde doğru stil önemli. 💡

Başörtülü, kapalı ve şık manken: Tesettür modu bunun için var.

👉 Kredi kartı gerekmez. fitroomus.com

#butiksahibi #girişimci #eticaretipuçları #ürüngörseli #aimodel #modatasarım #fitroomus","2026-10-08","20:30:00",false,true,false,false,false,true,false,false,false,false,false,"https://raw.githubusercontent.com/iletisim-prog/fitroomus-sosyal-medya/main/g/f-ipucu-07.jpg","","","","","","","","","","fitroomus satış ipucu #7: Tesettür ürünlerde doğru stil önemli.","","","","","","","","","","",false,"","","","","","","","","","","","","","POST",false,"","","","","","","","","","","","POST","","","","","","","","","","","","","","","","","","","","","","","","","","","","","","","","","",""
"Bol paça jean · fitroomus ile 1 dakikada ✨ fitroomus.com","2026-10-08","21:30:00",false,true,false,false,false,true,false,false,false,false,false,"https://raw.githubusercontent.com/iletisim-prog/fitroomus-sosyal-medya/main/g/s-hero-kot.jpg","","","","","","","","","","Bol paça jean ürün fotoğrafı ve fitroomus yapay zeka manken görseli (Minimal stüdyo)","","","","","","","","","","",false,"","","","","","","","","","","","","","STORY",false,"","","","","","","","","","","","STORY","","","","","","","","","","","","","","","","","","","","","","","","","","","","","","","","","",""
"Yakın plan kumaşı satar. · fitroomus.com","2026-10-08","22:30:00",false,true,false,false,false,true,false,false,false,false,false,"https://raw.githubusercontent.com/iletisim-prog/fitroomus-sosyal-medya/main/g/s-ipucu-09.jpg","","","","","","","","","","fitroomus satış ipucu #9: Yakın plan kumaşı satar.","","","","","","","","","","",false,"","","","","","","","","","","","","","STORY",false,"","","","","","","","","","","","STORY","","","","","","","","","","","","","","","","","","","","","","","","","","","","","","","","","",""
"Keten gömlek · fitroomus ile 1 dakikada ✨ fitroomus.com","2026-10-09","08:30:00",false,true,false,false,false,true,false,false,false,false,false,"https://raw.githubusercontent.com/iletisim-prog/fitroomus-sosyal-medya/main/g/s-hero-keten.jpg","","","","","","","","","","Keten gömlek ürün fotoğrafı ve fitroomus yapay zeka manken görseli (Plaj/yaz stili)","","","","","","","","","","",false,"","","","","","","","","","","","","","STORY",false,"","","","","","","","","","","","STORY","","","","","","","","","","","","","","","","","","","","","","","","","","","","","","","","","",""
"Abiye fotoğrafını telefonla çektin mi? 📱

Trendyol, Instagram ve web siten için hazır, yüksek çözünürlüklü görseller.

👉 Ücretsiz dene: fitroomus.com

#abiye #abiyeelbise #davetelbisesi #eticaret #butik #instagrambutik #trendyolsatıcı #ürünfotoğrafı #mankençekimi #yapayzeka #fitroomus","2026-10-09","10:00:00",false,true,false,false,false,true,false,false,false,false,false,"https://raw.githubusercontent.com/iletisim-prog/fitroomus-sosyal-medya/main/g/f-hero-abiye.jpg","","","","","","","","","","Abiye ürün fotoğrafı ve fitroomus yapay zeka manken görseli (Gelinlik/Abiye modu)","","","","","","","","","","",false,"","","","","","","","","","","","","","POST",false,"","","","","","","","","","","","POST","","","","","","","","","","","","","","","","","","","","","","","","","","","","","","","","","",""
"Desenli gömlek · fitroomus ile 1 dakikada ✨ fitroomus.com","2026-10-09","12:00:00",false,true,false,false,false,true,false,false,false,false,false,"https://raw.githubusercontent.com/iletisim-prog/fitroomus-sosyal-medya/main/g/s-hero-gomlek.jpg","","","","","","","","","","Desenli gömlek ürün fotoğrafı ve fitroomus yapay zeka manken görseli (Sokak stili)","","","","","","","","","","",false,"","","","","","","","","","","","","","STORY",false,"","","","","","","","","","","","STORY","","","","","","","","","","","","","","","","","","","","","","","","","","","","","","","","","",""
"Kaban satıyorsan bunu kaydet. 📌

fitroomus yapay zekası ürünü mankene giydiriyor: renk, kumaş ve kalıp aynen korunuyor.

👉 Kendi ürününle dene, ilk 2 paket bizden.

#kaban #tesettürkaban #kışmodası #eticarettürkiye #butikgiyim #onlinesatış #ürünçekimi #yapayzekafotoğraf #kadıngiyim #fitroomus","2026-10-09","13:30:00",false,true,false,false,false,true,false,false,false,false,false,"https://raw.githubusercontent.com/iletisim-prog/fitroomus-sosyal-medya/main/g/f-os-kaban-1.jpg","","","","","","","","","","Kaban ürün fotoğrafı ve fitroomus yapay zeka manken görseli (Tesettür modu)","","","","","","","","","","",false,"","","","","","","","","","","","","","POST",false,"","","","","","","","","","","","POST","","","","","","","","","","","","","","","","","","","","","","","","","","","","","","","","","",""
"Kaç saniyede hazır? · fitroomus.com","2026-10-09","15:30:00",false,true,false,false,false,true,false,false,false,false,false,"https://raw.githubusercontent.com/iletisim-prog/fitroomus-sosyal-medya/main/g/s-ipucu-16.jpg","","","","","","","","","","fitroomus soru-cevap: Kaç saniyede hazır?","","","","","","","","","","",false,"","","","","","","","","","","","","","STORY",false,"","","","","","","","","","","","STORY","","","","","","","","","","","","","","","","","","","","","","","","","","","","","","","","","",""
"Çekim günü beklemeden erkek gömlek görselin hazır. ⏱️

Tek fotoğraftan aynı mankenle 4 poz: önden, yarı dönük, yakın plan ve yürürken.

👉 Kredi kartı gerekmez. fitroomus.com

#erkekgiyim #erkekgömlek #erkekmodası #butiksahibi #girişimci #eticaretipuçları #ürüngörseli #aimodel #modatasarım #fitroomus","2026-10-09","17:30:00",false,true,false,false,false,true,false,false,false,false,false,"https://raw.githubusercontent.com/iletisim-prog/fitroomus-sosyal-medya/main/g/f-os-erkekgomlek-2.jpg","","","","","","","","","","Erkek gömlek ürün fotoğrafı ve fitroomus yapay zeka manken görseli (Ofis modu)","","","","","","","","","","",false,"","","","","","","","","","","","","","POST",false,"","","","","","","","","","","","POST","","","","","","","","","","","","","","","","","","","","","","","","","","","","","","","","","",""
"Pardesü · fitroomus ile 1 dakikada ✨ fitroomus.com","2026-10-09","19:00:00",false,true,false,false,false,true,false,false,false,false,false,"https://raw.githubusercontent.com/iletisim-prog/fitroomus-sosyal-medya/main/g/s-os-pardesu.jpg","","","","","","","","","","Pardesü ürün fotoğrafı ve fitroomus yapay zeka manken görseli (Tesettür modu)","","","","","","","","","","",false,"","","","","","","","","","","","","","STORY",false,"","","","","","","","","","","","STORY","","","","","","","","","","","","","","","","","","","","","","","","","","","","","","","","","",""
"Bu çocuk elbisesi mağazada askıda duruyordu. 👀

Stüdyo, manken, fotoğrafçı yok. Sadece telefonun ve 1 dakika.

👉 Yeni üyelere 2 paket ücretsiz — link profilde.

#çocukgiyim #kızçocukelbise #çocukmodası #eticaret #butik #instagrambutik #trendyolsatıcı #ürünfotoğrafı #mankençekimi #yapayzeka #fitroomus","2026-10-09","20:30:00",false,true,false,false,false,true,false,false,false,false,false,"https://raw.githubusercontent.com/iletisim-prog/fitroomus-sosyal-medya/main/g/f-hero-cocukelbise.jpg","","","","","","","","","","Çocuk elbisesi ürün fotoğrafı ve fitroomus yapay zeka manken görseli (Günlük casual)","","","","","","","","","","",false,"","","","","","","","","","","","","","POST",false,"","","","","","","","","","","","POST","","","","","","","","","","","","","","","","","","","","","","","","","","","","","","","","","",""
"Çocuk elbisesi · fitroomus ile 1 dakikada ✨ fitroomus.com","2026-10-09","21:30:00",false,true,false,false,false,true,false,false,false,false,false,"https://raw.githubusercontent.com/iletisim-prog/fitroomus-sosyal-medya/main/g/s-os-cocukelbise.jpg","","","","","","","","","","Çocuk elbisesi ürün fotoğrafı ve fitroomus yapay zeka manken görseli (Günlük casual)","","","","","","","","","","",false,"","","","","","","","","","","","","","STORY",false,"","","","","","","","","","","","STORY","","","","","","","","","","","","","","","","","","","","","","","","","","","","","","","","","",""
"Uzun hırka · fitroomus ile 1 dakikada ✨ fitroomus.com","2026-10-09","22:30:00",false,true,false,false,false,true,false,false,false,false,false,"https://raw.githubusercontent.com/iletisim-prog/fitroomus-sosyal-medya/main/g/s-hero-hirka.jpg","","","","","","","","","","Uzun hırka ürün fotoğrafı ve fitroomus yapay zeka manken görseli (Ev/rahat giyim)","","","","","","","","","","",false,"","","","","","","","","","","","","","STORY",false,"","","","","","","","","","","","STORY","","","","","","","","","","","","","","","","","","","","","","","","","","","","","","","","","",""
"Kampanya görselini mankenle yap. · fitroomus.com","2026-10-10","08:30:00",false,true,false,false,false,true,false,false,false,false,false,"https://raw.githubusercontent.com/iletisim-prog/fitroomus-sosyal-medya/main/g/s-ipucu-10.jpg","","","","","","","","","","fitroomus satış ipucu #10: Kampanya görselini mankenle yap.","","","","","","","","","","",false,"","","","","","","","","","","","","","STORY",false,"","","","","","","","","","","","STORY","","","","","","","","","","","","","","","","","","","","","","","","","","","","","","","","","",""
"Abiye için stüdyo kiralamana gerek yok. ✨

Gelinlik/Abiye modu ile ürünün doğru sahnede, doğru stilde görünür.

👉 Ücretsiz dene: fitroomus.com

#abiye #abiyeelbise #davetelbisesi #eticarettürkiye #butikgiyim #onlinesatış #ürünçekimi #yapayzekafotoğraf #kadıngiyim #fitroomus","2026-10-10","10:00:00",false,true,false,false,false,true,false,false,false,false,false,"https://raw.githubusercontent.com/iletisim-prog/fitroomus-sosyal-medya/main/g/f-os-abiye-2.jpg","","","","","","","","","","Abiye ürün fotoğrafı ve fitroomus yapay zeka manken görseli (Gelinlik/Abiye modu)","","","","","","","","","","",false,"","","","","","","","","","","","","","POST",false,"","","","","","","","","","","","POST","","","","","","","","","","","","","","","","","","","","","","","","","","","","","","","","","",""
"Sweatshirt · fitroomus ile 1 dakikada ✨ fitroomus.com","2026-10-10","12:00:00",false,true,false,false,false,true,false,false,false,false,false,"https://raw.githubusercontent.com/iletisim-prog/fitroomus-sosyal-medya/main/g/s-hero-sweat.jpg","","","","","","","","","","Sweatshirt ürün fotoğrafı ve fitroomus yapay zeka manken görseli (Günlük casual)","","","","","","","","","","",false,"","","","","","","","","","","","","","STORY",false,"","","","","","","","","","","","STORY","","","","","","","","","","","","","","","","","","","","","","","","","","","","","","","","","",""
"Önce / sonra: kuşaklı elbise 👇

Trendyol, Instagram ve web siten için hazır, yüksek çözünürlüklü görseller.

👉 Kendi ürününle dene, ilk 2 paket bizden.

#elbise #midielbise #minimalstil #butiksahibi #girişimci #eticaretipuçları #ürüngörseli #aimodel #modatasarım #fitroomus","2026-10-10","13:30:00",false,true,false,false,false,true,false,false,false,false,false,"https://raw.githubusercontent.com/iletisim-prog/fitroomus-sosyal-medya/main/g/f-os-gri-2.jpg","","","","","","","","","","Kuşaklı elbise ürün fotoğrafı ve fitroomus yapay zeka manken görseli (Minimal stüdyo)","","","","","","","","","","",false,"","","","","","","","","","","","","","POST",false,"","","","","","","","","","","","POST","","","","","","","","","","","","","","","","","","","","","","","","","","","","","","","","","",""
"Ürün sayfasında en az 4 görsel olsun. · fitroomus.com","2026-10-10","15:30:00",false,true,false,false,false,true,false,false,false,false,false,"https://raw.githubusercontent.com/iletisim-prog/fitroomus-sosyal-medya/main/g/s-ipucu-01.jpg","","","","","","","","","","fitroomus satış ipucu #1: Ürün sayfasında en az 4 görsel olsun.","","","","","","","","","","",false,"","","","","","","","","","","","","","STORY",false,"","","","","","","","","","","","STORY","","","","","","","","","","","","","","","","","","","","","","","","","","","","","","","","","",""
"Uzun hırka fotoğrafını telefonla çektin mi? 📱

fitroomus yapay zekası ürünü mankene giydiriyor: renk, kumaş ve kalıp aynen korunuyor.

👉 Kredi kartı gerekmez. fitroomus.com

#hırka #uzunhırka #tesettürkombin #eticaret #butik #instagrambutik #trendyolsatıcı #ürünfotoğrafı #mankençekimi #yapayzeka #fitroomus","2026-10-10","17:30:00",false,true,false,false,false,true,false,false,false,false,false,"https://raw.githubusercontent.com/iletisim-prog/fitroomus-sosyal-medya/main/g/f-os-hirka-2.jpg","","","","","","","","","","Uzun hırka ürün fotoğrafı ve fitroomus yapay zeka manken görseli (Ev/rahat giyim)","","","","","","","","","","",false,"","","","","","","","","","","","","","POST",false,"","","","","","","","","","","","POST","","","","","","","","","","","","","","","","","","","","","","","","","","","","","","","","","",""
"Triko elbise · fitroomus ile 1 dakikada ✨ fitroomus.com","2026-10-10","19:00:00",false,true,false,false,false,true,false,false,false,false,false,"https://raw.githubusercontent.com/iletisim-prog/fitroomus-sosyal-medya/main/g/s-ilk-S2-4-poz.jpg","","","","","","","","","","Triko elbise ürün fotoğrafı ve fitroomus yapay zeka manken görseli (Günlük casual)","","","","","","","","","","",false,"","","","","","","","","","","","","","STORY",false,"","","","","","","","","","","","STORY","","","","","","","","","","","","","","","","","","","","","","","","","","","","","","","","","",""
"Kot ceket satıyorsan bunu kaydet. 📌

Tek fotoğraftan aynı mankenle 4 poz: önden, yarı dönük, yakın plan ve yürürken.

👉 Yeni üyelere 2 paket ücretsiz — link profilde.

#kotceket #denim #sokakstili #eticarettürkiye #butikgiyim #onlinesatış #ürünçekimi #yapayzekafotoğraf #kadıngiyim #fitroomus","2026-10-10","20:30:00",false,true,false,false,false,true,false,false,false,false,false,"https://raw.githubusercontent.com/iletisim-prog/fitroomus-sosyal-medya/main/g/f-os-jeanceket-2.jpg","","","","","","","","","","Kot ceket ürün fotoğrafı ve fitroomus yapay zeka manken görseli (Sokak stili)","","","","","","","","","","",false,"","","","","","","","","","","","","","POST",false,"","","","","","","","","","","","POST","","","","","","","","","","","","","","","","","","","","","","","","","","","","","","","","","",""
"1 kredi = 4 pozluk tam paket. · fitroomus.com","2026-10-10","21:30:00",false,true,false,false,false,true,false,false,false,false,false,"https://raw.githubusercontent.com/iletisim-prog/fitroomus-sosyal-medya/main/g/s-ipucu-11.jpg","","","","","","","","","","fitroomus biliyor muydun?: 1 kredi = 4 pozluk tam paket.","","","","","","","","","","",false,"","","","","","","","","","","","","","STORY",false,"","","","","","","","","","","","STORY","","","","","","","","","","","","","","","","","","","","","","","","","","","","","","","","","",""
"Uzun şişme mont · fitroomus ile 1 dakikada ✨ fitroomus.com","2026-10-10","22:30:00",false,true,false,false,false,true,false,false,false,false,false,"https://raw.githubusercontent.com/iletisim-prog/fitroomus-sosyal-medya/main/g/s-hero-sisme.jpg","","","","","","","","","","Uzun şişme mont ürün fotoğrafı ve fitroomus yapay zeka manken görseli (Kışlık outdoor)","","","","","","","","","","",false,"","","","","","","","","","","","","","STORY",false,"","","","","","","","","","","","STORY","","","","","","","","","","","","","","","","","","","","","","","","","","","","","","","","","",""
"Erkek takım elbise · fitroomus ile 1 dakikada ✨ fitroomus.com","2026-10-11","08:30:00",false,true,false,false,false,true,false,false,false,false,false,"https://raw.githubusercontent.com/iletisim-prog/fitroomus-sosyal-medya/main/g/s-hero-erkektakim.jpg","","","","","","","","","","Erkek takım elbise ürün fotoğrafı ve fitroomus yapay zeka manken görseli (Lüks editorial)","","","","","","","","","","",false,"","","","","","","","","","","","","","STORY",false,"","","","","","","","","","","","STORY","","","","","","","","","","","","","","","","","","","","","","","","","","","","","","","","","",""
"Satış ipucu #1: Ürün sayfasında en az 4 görsel olsun. 💡

Önden, yandan, yakından ve hareket halinde. fitroomus bunu tek fotoğraftan çıkarır.

👉 Yeni üyelere 2 paket ücretsiz — link profilde.

#butiksahibi #girişimci #eticaretipuçları #ürüngörseli #aimodel #modatasarım #fitroomus","2026-10-11","10:00:00",false,true,false,false,false,true,false,false,false,false,false,"https://raw.githubusercontent.com/iletisim-prog/fitroomus-sosyal-medya/main/g/f-ipucu-01.jpg","","","","","","","","","","fitroomus satış ipucu #1: Ürün sayfasında en az 4 görsel olsun.","","","","","","","","","","",false,"","","","","","","","","","","","","","POST",false,"","","","","","","","","","","","POST","","","","","","","","","","","","","","","","","","","","","","","","","","","","","","","","","",""
"12 stil modu var. · fitroomus.com","2026-10-11","12:00:00",false,true,false,false,false,true,false,false,false,false,false,"https://raw.githubusercontent.com/iletisim-prog/fitroomus-sosyal-medya/main/g/s-ipucu-12.jpg","","","","","","","","","","fitroomus biliyor muydun?: 12 stil modu var.","","","","","","","","","","",false,"","","","","","","","","","","","","","STORY",false,"","","","","","","","","","","","STORY","","","","","","","","","","","","","","","","","","","","","","","","","","","","","","","","","",""
"Bu gelinlik mağazada askıda duruyordu. 👀

Gelinlik/Abiye modu ile ürünün doğru sahnede, doğru stilde görünür.

👉 Kendi ürününle dene, ilk 2 paket bizden.

#gelinlik #gelin #düğün #eticaret #butik #instagrambutik #trendyolsatıcı #ürünfotoğrafı #mankençekimi #yapayzeka #fitroomus","2026-10-11","13:30:00",false,true,false,false,false,true,false,false,false,false,false,"https://raw.githubusercontent.com/iletisim-prog/fitroomus-sosyal-medya/main/g/f-os-gelinlik-1.jpg","","","","","","","","","","Gelinlik ürün fotoğrafı ve fitroomus yapay zeka manken görseli (Gelinlik/Abiye modu)","","","","","","","","","","",false,"","","","","","","","","","","","","","POST",false,"","","","","","","","","","","","POST","","","","","","","","","","","","","","","","","","","","","","","","","","","","","","","","","",""
"Ferace · fitroomus ile 1 dakikada ✨ fitroomus.com","2026-10-11","15:30:00",false,true,false,false,false,true,false,false,false,false,false,"https://raw.githubusercontent.com/iletisim-prog/fitroomus-sosyal-medya/main/g/s-os-ferace.jpg","","","","","","","","","","Ferace ürün fotoğrafı ve fitroomus yapay zeka manken görseli (Tesettür modu)","","","","","","","","","","",false,"","","","","","","","","","","","","","STORY",false,"","","","","","","","","","","","STORY","","","","","","","","","","","","","","","","","","","","","","","","","","","","","","","","","",""
"Keten gömlek için stüdyo kiralamana gerek yok. ✨

Trendyol, Instagram ve web siten için hazır, yüksek çözünürlüklü görseller.

👉 Kredi kartı gerekmez. fitroomus.com

#ketengömlek #keten #yazmodası #eticarettürkiye #butikgiyim #onlinesatış #ürünçekimi #yapayzekafotoğraf #kadıngiyim #fitroomus","2026-10-11","17:30:00",false,true,false,false,false,true,false,false,false,false,false,"https://raw.githubusercontent.com/iletisim-prog/fitroomus-sosyal-medya/main/g/f-os-keten-1.jpg","","","","","","","","","","Keten gömlek ürün fotoğrafı ve fitroomus yapay zeka manken görseli (Plaj/yaz stili)","","","","","","","","","","",false,"","","","","","","","","","","","","","POST",false,"","","","","","","","","","","","POST","","","","","","","","","","","","","","","","","","","","","","","","","","","","","","","","","",""
"Abaya · fitroomus ile 1 dakikada ✨ fitroomus.com","2026-10-11","19:00:00",false,true,false,false,false,true,false,false,false,false,false,"https://raw.githubusercontent.com/iletisim-prog/fitroomus-sosyal-medya/main/g/s-hero-abaya.jpg","","","","","","","","","","Abaya ürün fotoğrafı ve fitroomus yapay zeka manken görseli (Lüks editorial)","","","","","","","","","","",false,"","","","","","","","","","","","","","STORY",false,"","","","","","","","","","","","STORY","","","","","","","","","","","","","","","","","","","","","","","","","","","","","","","","","",""
"Önce / sonra: desenli gömlek 👇

fitroomus yapay zekası ürünü mankene giydiriyor: renk, kumaş ve kalıp aynen korunuyor.

👉 Yeni üyelere 2 paket ücretsiz — link profilde.

#gömlek #desenligömlek #sokakstili #butiksahibi #girişimci #eticaretipuçları #ürüngörseli #aimodel #modatasarım #fitroomus","2026-10-11","20:30:00",false,true,false,false,false,true,false,false,false,false,false,"https://raw.githubusercontent.com/iletisim-prog/fitroomus-sosyal-medya/main/g/f-os-gomlek-1.jpg","","","","","","","","","","Desenli gömlek ürün fotoğrafı ve fitroomus yapay zeka manken görseli (Sokak stili)","","","","","","","","","","",false,"","","","","","","","","","","","","","POST",false,"","","","","","","","","","","","POST","","","","","","","","","","","","","","","","","","","","","","","","","","","","","","","","","",""
"Ferace · fitroomus ile 1 dakikada ✨ fitroomus.com","2026-10-11","21:30:00",false,true,false,false,false,true,false,false,false,false,false,"https://raw.githubusercontent.com/iletisim-prog/fitroomus-sosyal-medya/main/g/s-ilk-S1-askidan-mankene.jpg","","","","","","","","","","Ferace ürün fotoğrafı ve fitroomus yapay zeka manken görseli (Tesettür modu)","","","","","","","","","","",false,"","","","","","","","","","","","","","STORY",false,"","","","","","","","","","","","STORY","","","","","","","","","","","","","","","","","","","","","","","","","","","","","","","","","",""
"Tesettür tunik · fitroomus ile 1 dakikada ✨ fitroomus.com","2026-10-11","22:30:00",false,true,false,false,false,true,false,false,false,false,false,"https://raw.githubusercontent.com/iletisim-prog/fitroomus-sosyal-medya/main/g/s-hero-tunik.jpg","","","","","","","","","","Tesettür tunik ürün fotoğrafı ve fitroomus yapay zeka manken görseli (Tesettür modu)","","","","","","","","","","",false,"","","","","","","","","","","","","","STORY",false,"","","","","","","","","","","","STORY","","","","","","","","","","","","","","","","","","","","","","","","","","","","","","","","","",""
"Abaya · fitroomus ile 1 dakikada ✨ fitroomus.com","2026-10-12","08:30:00",false,true,false,false,false,true,false,false,false,false,false,"https://raw.githubusercontent.com/iletisim-prog/fitroomus-sosyal-medya/main/g/s-os-abaya.jpg","","","","","","","","","","Abaya ürün fotoğrafı ve fitroomus yapay zeka manken görseli (Lüks editorial)","","","","","","","","","","",false,"","","","","","","","","","","","","","STORY",false,"","","","","","","","","","","","STORY","","","","","","","","","","","","","","","","","","","","","","","","","","","","","","","","","",""
"Trençkot fotoğrafını telefonla çektin mi? 📱

Tek fotoğraftan aynı mankenle 4 poz: önden, yarı dönük, yakın plan ve yürürken.

👉 Ücretsiz dene: fitroomus.com

#trençkot #trenchcoat #sonbaharkombin #eticaret #butik #instagrambutik #trendyolsatıcı #ürünfotoğrafı #mankençekimi #yapayzeka #fitroomus","2026-10-12","10:00:00",false,true,false,false,false,true,false,false,false,false,false,"https://raw.githubusercontent.com/iletisim-prog/fitroomus-sosyal-medya/main/g/f-hero-trenc.jpg","","","","","","","","","","Trençkot ürün fotoğrafı ve fitroomus yapay zeka manken görseli (Sokak stili)","","","","","","","","","","",false,"","","","","","","","","","","","","","POST",false,"","","","","","","","","","","","POST","","","","","","","","","","","","","","","","","","","","","","","","","","","","","","","","","",""
"Saten pijama · fitroomus ile 1 dakikada ✨ fitroomus.com","2026-10-12","12:00:00",false,true,false,false,false,true,false,false,false,false,false,"https://raw.githubusercontent.com/iletisim-prog/fitroomus-sosyal-medya/main/g/s-hero-pijama.jpg","","","","","","","","","","Saten pijama ürün fotoğrafı ve fitroomus yapay zeka manken görseli (Ev/rahat giyim)","","","","","","","","","","",false,"","","","","","","","","","","","","","STORY",false,"","","","","","","","","","","","STORY","","","","","","","","","","","","","","","","","","","","","","","","","","","","","","","","","",""
"Sweatshirt satıyorsan bunu kaydet. 📌

Stüdyo, manken, fotoğrafçı yok. Sadece telefonun ve 1 dakika.

👉 Kendi ürününle dene, ilk 2 paket bizden.

#sweatshirt #oversize #günlükkombin #eticarettürkiye #butikgiyim #onlinesatış #ürünçekimi #yapayzekafotoğraf #kadıngiyim #fitroomus","2026-10-12","13:30:00",false,true,false,false,false,true,false,false,false,false,false,"https://raw.githubusercontent.com/iletisim-prog/fitroomus-sosyal-medya/main/g/f-hero-sweat.jpg","","","","","","","","","","Sweatshirt ürün fotoğrafı ve fitroomus yapay zeka manken görseli (Günlük casual)","","","","","","","","","","",false,"","","","","","","","","","","","","","POST",false,"","","","","","","","","","","","POST","","","","","","","","","","","","","","","","","","","","","","","","","","","","","","","","","",""
"Hikâyelerde 9:16 dikey görsel kullan. · fitroomus.com","2026-10-12","15:30:00",false,true,false,false,false,true,false,false,false,false,false,"https://raw.githubusercontent.com/iletisim-prog/fitroomus-sosyal-medya/main/g/s-ipucu-05.jpg","","","","","","","","","","fitroomus satış ipucu #5: Hikâyelerde 9:16 dikey görsel kullan.","","","","","","","","","","",false,"","","","","","","","","","","","","","STORY",false,"","","","","","","","","","","","STORY","","","","","","","","","","","","","","","","","","","","","","","","","","","","","","","","","",""
"Çekim günü beklemeden tesettür tunik görselin hazır. ⏱️

Tesettür modu ile ürünün doğru sahnede, doğru stilde görünür.

👉 Kredi kartı gerekmez. fitroomus.com

#tunik #tesettürtunik #tesettür #butiksahibi #girişimci #eticaretipuçları #ürüngörseli #aimodel #modatasarım #fitroomus","2026-10-12","17:30:00",false,true,false,false,false,true,false,false,false,false,false,"https://raw.githubusercontent.com/iletisim-prog/fitroomus-sosyal-medya/main/g/f-os-tunik-2.jpg","","","","","","","","","","Tesettür tunik ürün fotoğrafı ve fitroomus yapay zeka manken görseli (Tesettür modu)","","","","","","","","","","",false,"","","","","","","","","","","","","","POST",false,"","","","","","","","","","","","POST","","","","","","","","","","","","","","","","","","","","","","","","","","","","","","","","","",""
"Tesettür abiye · fitroomus ile 1 dakikada ✨ fitroomus.com","2026-10-12","19:00:00",false,true,false,false,false,true,false,false,false,false,false,"https://raw.githubusercontent.com/iletisim-prog/fitroomus-sosyal-medya/main/g/s-hero-tesetturabiye.jpg","","","","","","","","","","Tesettür abiye ürün fotoğrafı ve fitroomus yapay zeka manken görseli (Gelinlik/Abiye modu)","","","","","","","","","","",false,"","","","","","","","","","","","","","STORY",false,"","","","","","","","","","","","STORY","","","","","","","","","","","","","","","","","","","","","","","","","","","","","","","","","",""
"Bu gelinlik mağazada askıda duruyordu. 👀

Trendyol, Instagram ve web siten için hazır, yüksek çözünürlüklü görseller.

👉 Yeni üyelere 2 paket ücretsiz — link profilde.

#gelinlik #gelin #düğün #eticaret #butik #instagrambutik #trendyolsatıcı #ürünfotoğrafı #mankençekimi #yapayzeka #fitroomus","2026-10-12","20:30:00",false,true,false,false,false,true,false,false,false,false,false,"https://raw.githubusercontent.com/iletisim-prog/fitroomus-sosyal-medya/main/g/f-os-gelinlik-2.jpg","","","","","","","","","","Gelinlik ürün fotoğrafı ve fitroomus yapay zeka manken görseli (Gelinlik/Abiye modu)","","","","","","","","","","",false,"","","","","","","","","","","","","","POST",false,"","","","","","","","","","","","POST","","","","","","","","","","","","","","","","","","","","","","","","","","","","","","","","","",""
"Keten gömlek · fitroomus ile 1 dakikada ✨ fitroomus.com","2026-10-12","21:30:00",false,true,false,false,false,true,false,false,false,false,false,"https://raw.githubusercontent.com/iletisim-prog/fitroomus-sosyal-medya/main/g/s-os-keten.jpg","","","","","","","","","","Keten gömlek ürün fotoğrafı ve fitroomus yapay zeka manken görseli (Plaj/yaz stili)","","","","","","","","","","",false,"","","","","","","","","","","","","","STORY",false,"","","","","","","","","","","","STORY","","","","","","","","","","","","","","","","","","","","","","","","","","","","","","","","","",""
"Kadın takım · fitroomus ile 1 dakikada ✨ fitroomus.com","2026-10-12","22:30:00",false,true,false,false,false,true,false,false,false,false,false,"https://raw.githubusercontent.com/iletisim-prog/fitroomus-sosyal-medya/main/g/s-hero-takim.jpg","","","","","","","","","","Kadın takım ürün fotoğrafı ve fitroomus yapay zeka manken görseli (Ofis modu)","","","","","","","","","","",false,"","","","","","","","","","","","","","STORY",false,"","","","","","","","","","","","STORY","","","","","","","","","","","","","","","","","","","","","","","","","","","","","","","","","",""
"Baskılı tişört · fitroomus ile 1 dakikada ✨ fitroomus.com","2026-10-13","08:30:00",false,true,false,false,false,true,false,false,false,false,false,"https://raw.githubusercontent.com/iletisim-prog/fitroomus-sosyal-medya/main/g/s-os-tisort.jpg","","","","","","","","","","Baskılı tişört ürün fotoğrafı ve fitroomus yapay zeka manken görseli (Sokak stili)","","","","","","","","","","",false,"","","","","","","","","","","","","","STORY",false,"","","","","","","","","","","","STORY","","","","","","","","","","","","","","","","","","","","","","","","","","","","","","","","","",""
"Tesettür tunik için stüdyo kiralamana gerek yok. ✨

fitroomus yapay zekası ürünü mankene giydiriyor: renk, kumaş ve kalıp aynen korunuyor.

👉 Ücretsiz dene: fitroomus.com

#tunik #tesettürtunik #tesettür #eticarettürkiye #butikgiyim #onlinesatış #ürünçekimi #yapayzekafotoğraf #kadıngiyim #fitroomus","2026-10-13","10:00:00",false,true,false,false,false,true,false,false,false,false,false,"https://raw.githubusercontent.com/iletisim-prog/fitroomus-sosyal-medya/main/g/f-hero-tunik.jpg","","","","","","","","","","Tesettür tunik ürün fotoğrafı ve fitroomus yapay zeka manken görseli (Tesettür modu)","","","","","","","","","","",false,"","","","","","","","","","","","","","POST",false,"","","","","","","","","","","","POST","","","","","","","","","","","","","","","","","","","","","","","","","","","","","","","","","",""
"Çocuk eşofmanı · fitroomus ile 1 dakikada ✨ fitroomus.com","2026-10-13","12:00:00",false,true,false,false,false,true,false,false,false,false,false,"https://raw.githubusercontent.com/iletisim-prog/fitroomus-sosyal-medya/main/g/s-os-cocukesofman.jpg","","","","","","","","","","Çocuk eşofmanı ürün fotoğrafı ve fitroomus yapay zeka manken görseli (Spor modu)","","","","","","","","","","",false,"","","","","","","","","","","","","","STORY",false,"","","","","","","","","","","","STORY","","","","","","","","","","","","","","","","","","","","","","","","","","","","","","","","","",""
"Önce / sonra: erkek takım elbise 👇

Tek fotoğraftan aynı mankenle 4 poz: önden, yarı dönük, yakın plan ve yürürken.

👉 Kendi ürününle dene, ilk 2 paket bizden.

#takımelbise #damatlık #erkekmodası #butiksahibi #girişimci #eticaretipuçları #ürüngörseli #aimodel #modatasarım #fitroomus","2026-10-13","13:30:00",false,true,false,false,false,true,false,false,false,false,false,"https://raw.githubusercontent.com/iletisim-prog/fitroomus-sosyal-medya/main/g/f-os-erkektakim-2.jpg","","","","","","","","","","Erkek takım elbise ürün fotoğrafı ve fitroomus yapay zeka manken görseli (Lüks editorial)","","","","","","","","","","",false,"","","","","","","","","","","","","","POST",false,"","","","","","","","","","","","POST","","","","","","","","","","","","","","","","","","","","","","","","","","","","","","","","","",""
"Yeni üyeye 2 paket hediye. · fitroomus.com","2026-10-13","15:30:00",false,true,false,false,false,true,false,false,false,false,false,"https://raw.githubusercontent.com/iletisim-prog/fitroomus-sosyal-medya/main/g/s-ipucu-14.jpg","","","","","","","","","","fitroomus biliyor muydun?: Yeni üyeye 2 paket hediye.","","","","","","","","","","",false,"","","","","","","","","","","","","","STORY",false,"","","","","","","","","","","","STORY","","","","","","","","","","","","","","","","","","","","","","","","","","","","","","","","","",""
"Ferace fotoğrafını telefonla çektin mi? 📱

Stüdyo, manken, fotoğrafçı yok. Sadece telefonun ve 1 dakika.

👉 Kredi kartı gerekmez. fitroomus.com

#ferace #tesettür #tesettürgiyim #eticaret #butik #instagrambutik #trendyolsatıcı #ürünfotoğrafı #mankençekimi #yapayzeka #fitroomus","2026-10-13","17:30:00",false,true,false,false,false,true,false,false,false,false,false,"https://raw.githubusercontent.com/iletisim-prog/fitroomus-sosyal-medya/main/g/f-os-ferace-1.jpg","","","","","","","","","","Ferace ürün fotoğrafı ve fitroomus yapay zeka manken görseli (Tesettür modu)","","","","","","","","","","",false,"","","","","","","","","","","","","","POST",false,"","","","","","","","","","","","POST","","","","","","","","","","","","","","","","","","","","","","","","","","","","","","","","","",""
"Kot ceket · fitroomus ile 1 dakikada ✨ fitroomus.com","2026-10-13","19:00:00",false,true,false,false,false,true,false,false,false,false,false,"https://raw.githubusercontent.com/iletisim-prog/fitroomus-sosyal-medya/main/g/s-hero-jeanceket.jpg","","","","","","","","","","Kot ceket ürün fotoğrafı ve fitroomus yapay zeka manken görseli (Sokak stili)","","","","","","","","","","",false,"","","","","","","","","","","","","","STORY",false,"","","","","","","","","","","","STORY","","","","","","","","","","","","","","","","","","","","","","","","","","","","","","","","","",""
"Keten gömlek satıyorsan bunu kaydet. 📌

Plaj/yaz stili ile ürünün doğru sahnede, doğru stilde görünür.

👉 Yeni üyelere 2 paket ücretsiz — link profilde.

#ketengömlek #keten #yazmodası #eticarettürkiye #butikgiyim #onlinesatış #ürünçekimi #yapayzekafotoğraf #kadıngiyim #fitroomus","2026-10-13","20:30:00",false,true,false,false,false,true,false,false,false,false,false,"https://raw.githubusercontent.com/iletisim-prog/fitroomus-sosyal-medya/main/g/f-os-keten-2.jpg","","","","","","","","","","Keten gömlek ürün fotoğrafı ve fitroomus yapay zeka manken görseli (Plaj/yaz stili)","","","","","","","","","","",false,"","","","","","","","","","","","","","POST",false,"","","","","","","","","","","","POST","","","","","","","","","","","","","","","","","","","","","","","","","","","","","","","","","",""
"Plaj elbisesi · fitroomus ile 1 dakikada ✨ fitroomus.com","2026-10-13","21:30:00",false,true,false,false,false,true,false,false,false,false,false,"https://raw.githubusercontent.com/iletisim-prog/fitroomus-sosyal-medya/main/g/s-hero-plaj.jpg","","","","","","","","","","Plaj elbisesi ürün fotoğrafı ve fitroomus yapay zeka manken görseli (Plaj stili)","","","","","","","","","","",false,"","","","","","","","","","","","","","STORY",false,"","","","","","","","","","","","STORY","","","","","","","","","","","","","","","","","","","","","","","","","","","","","","","","","",""
"Çocuk eşofmanı · fitroomus ile 1 dakikada ✨ fitroomus.com","2026-10-13","22:30:00",false,true,false,false,false,true,false,false,false,false,false,"https://raw.githubusercontent.com/iletisim-prog/fitroomus-sosyal-medya/main/g/s-hero-cocukesofman.jpg","","","","","","","","","","Çocuk eşofmanı ürün fotoğrafı ve fitroomus yapay zeka manken görseli (Spor modu)","","","","","","","","","","",false,"","","","","","","","","","","","","","STORY",false,"","","","","","","","","","","","STORY","","","","","","","","","","","","","","","","","","","","","","","","","","","","","","","","","",""
"Kaban · fitroomus ile 1 dakikada ✨ fitroomus.com","2026-10-14","08:30:00",false,true,false,false,false,true,false,false,false,false,false,"https://raw.githubusercontent.com/iletisim-prog/fitroomus-sosyal-medya/main/g/s-hero-kaban.jpg","","","","","","","","","","Kaban ürün fotoğrafı ve fitroomus yapay zeka manken görseli (Tesettür modu)","","","","","","","","","","",false,"","","","","","","","","","","","","","STORY",false,"","","","","","","","","","","","STORY","","","","","","","","","","","","","","","","","","","","","","","","","","","","","","","","","",""
"Soru-cevap: Mobil uygulama var mı? 💡

Android uygulamamız yolda; şimdilik app.fitroomus.com telefondan da çalışır.

👉 Yeni üyelere 2 paket ücretsiz — link profilde.

#butiksahibi #girişimci #eticaretipuçları #ürüngörseli #aimodel #modatasarım #fitroomus","2026-10-14","10:00:00",false,true,false,false,false,true,false,false,false,false,false,"https://raw.githubusercontent.com/iletisim-prog/fitroomus-sosyal-medya/main/g/f-ipucu-18.jpg","","","","","","","","","","fitroomus soru-cevap: Mobil uygulama var mı?","","","","","","","","","","",false,"","","","","","","","","","","","","","POST",false,"","","","","","","","","","","","POST","","","","","","","","","","","","","","","","","","","","","","","","","","","","","","","","","",""
"Bol paça jean · fitroomus ile 1 dakikada ✨ fitroomus.com","2026-10-14","12:00:00",false,true,false,false,false,true,false,false,false,false,false,"https://raw.githubusercontent.com/iletisim-prog/fitroomus-sosyal-medya/main/g/s-os-kot.jpg","","","","","","","","","","Bol paça jean ürün fotoğrafı ve fitroomus yapay zeka manken görseli (Minimal stüdyo)","","","","","","","","","","",false,"","","","","","","","","","","","","","STORY",false,"","","","","","","","","","","","STORY","","","","","","","","","","","","","","","","","","","","","","","","","","","","","","","","","",""
"Bu baskılı tişört mağazada askıda duruyordu. 👀

fitroomus yapay zekası ürünü mankene giydiriyor: renk, kumaş ve kalıp aynen korunuyor.

👉 Kendi ürününle dene, ilk 2 paket bizden.

#tişört #baskılıtişört #streetwear #eticaret #butik #instagrambutik #trendyolsatıcı #ürünfotoğrafı #mankençekimi #yapayzeka #fitroomus","2026-10-14","13:30:00",false,true,false,false,false,true,false,false,false,false,false,"https://raw.githubusercontent.com/iletisim-prog/fitroomus-sosyal-medya/main/g/f-os-tisort-1.jpg","","","","","","","","","","Baskılı tişört ürün fotoğrafı ve fitroomus yapay zeka manken görseli (Sokak stili)","","","","","","","","","","",false,"","","","","","","","","","","","","","POST",false,"","","","","","","","","","","","POST","","","","","","","","","","","","","","","","","","","","","","","","","","","","","","","","","",""
"Telefon fotoğrafı yeter. · fitroomus.com","2026-10-14","15:30:00",false,true,false,false,false,true,false,false,false,false,false,"https://raw.githubusercontent.com/iletisim-prog/fitroomus-sosyal-medya/main/g/s-ipucu-13.jpg","","","","","","","","","","fitroomus biliyor muydun?: Telefon fotoğrafı yeter.","","","","","","","","","","",false,"","","","","","","","","","","","","","STORY",false,"","","","","","","","","","","","STORY","","","","","","","","","","","","","","","","","","","","","","","","","","","","","","","","","",""
"Çocuk elbisesi için stüdyo kiralamana gerek yok. ✨

Tek fotoğraftan aynı mankenle 4 poz: önden, yarı dönük, yakın plan ve yürürken.

👉 Kredi kartı gerekmez. fitroomus.com

#çocukgiyim #kızçocukelbise #çocukmodası #eticarettürkiye #butikgiyim #onlinesatış #ürünçekimi #yapayzekafotoğraf #kadıngiyim #fitroomus","2026-10-14","17:30:00",false,true,false,false,false,true,false,false,false,false,false,"https://raw.githubusercontent.com/iletisim-prog/fitroomus-sosyal-medya/main/g/f-os-cocukelbise-1.jpg","","","","","","","","","","Çocuk elbisesi ürün fotoğrafı ve fitroomus yapay zeka manken görseli (Günlük casual)","","","","","","","","","","",false,"","","","","","","","","","","","","","POST",false,"","","","","","","","","","","","POST","","","","","","","","","","","","","","","","","","","","","","","","","","","","","","","","","",""
"Trençkot · fitroomus ile 1 dakikada ✨ fitroomus.com","2026-10-14","19:00:00",false,true,false,false,false,true,false,false,false,false,false,"https://raw.githubusercontent.com/iletisim-prog/fitroomus-sosyal-medya/main/g/s-os-trenc.jpg","","","","","","","","","","Trençkot ürün fotoğrafı ve fitroomus yapay zeka manken görseli (Sokak stili)","","","","","","","","","","",false,"","","","","","","","","","","","","","STORY",false,"","","","","","","","","","","","STORY","","","","","","","","","","","","","","","","","","","","","","","","","","","","","","","","","",""
"Önce / sonra: sweatshirt 👇

Stüdyo, manken, fotoğrafçı yok. Sadece telefonun ve 1 dakika.

👉 Yeni üyelere 2 paket ücretsiz — link profilde.

#sweatshirt #oversize #günlükkombin #butiksahibi #girişimci #eticaretipuçları #ürüngörseli #aimodel #modatasarım #fitroomus","2026-10-14","20:30:00",false,true,false,false,false,true,false,false,false,false,false,"https://raw.githubusercontent.com/iletisim-prog/fitroomus-sosyal-medya/main/g/f-os-sweat-2.jpg","","","","","","","","","","Sweatshirt ürün fotoğrafı ve fitroomus yapay zeka manken görseli (Günlük casual)","","","","","","","","","","",false,"","","","","","","","","","","","","","POST",false,"","","","","","","","","","","","POST","","","","","","","","","","","","","","","","","","","","","","","","","","","","","","","","","",""
"Gelinlik · fitroomus ile 1 dakikada ✨ fitroomus.com","2026-10-14","21:30:00",false,true,false,false,false,true,false,false,false,false,false,"https://raw.githubusercontent.com/iletisim-prog/fitroomus-sosyal-medya/main/g/s-os-gelinlik.jpg","","","","","","","","","","Gelinlik ürün fotoğrafı ve fitroomus yapay zeka manken görseli (Gelinlik/Abiye modu)","","","","","","","","","","",false,"","","","","","","","","","","","","","STORY",false,"","","","","","","","","","","","STORY","","","","","","","","","","","","","","","","","","","","","","","","","","","","","","","","","",""
"Kadın takım · fitroomus ile 1 dakikada ✨ fitroomus.com","2026-10-14","22:30:00",false,true,false,false,false,true,false,false,false,false,false,"https://raw.githubusercontent.com/iletisim-prog/fitroomus-sosyal-medya/main/g/s-os-takim.jpg","","","","","","","","","","Kadın takım ürün fotoğrafı ve fitroomus yapay zeka manken görseli (Ofis modu)","","","","","","","","","","",false,"","","","","","","","","","","","","","STORY",false,"","","","","","","","","","","","STORY","","","","","","","","","","","","","","","","","","","","","","","","","","","","","","","","","",""
"Saten bluz · fitroomus ile 1 dakikada ✨ fitroomus.com","2026-10-15","08:30:00",false,true,false,false,false,true,false,false,false,false,false,"https://raw.githubusercontent.com/iletisim-prog/fitroomus-sosyal-medya/main/g/s-os-saten.jpg","","","","","","","","","","Saten bluz ürün fotoğrafı ve fitroomus yapay zeka manken görseli (Davet şıklığı)","","","","","","","","","","",false,"","","","","","","","","","","","","","STORY",false,"","","","","","","","","","","","STORY","","","","","","","","","","","","","","","","","","","","","","","","","","","","","","","","","",""
"Desenli gömlek fotoğrafını telefonla çektin mi? 📱

Sokak stili ile ürünün doğru sahnede, doğru stilde görünür.

👉 Ücretsiz dene: fitroomus.com

#gömlek #desenligömlek #sokakstili #eticaret #butik #instagrambutik #trendyolsatıcı #ürünfotoğrafı #mankençekimi #yapayzeka #fitroomus","2026-10-15","10:00:00",false,true,false,false,false,true,false,false,false,false,false,"https://raw.githubusercontent.com/iletisim-prog/fitroomus-sosyal-medya/main/g/f-hero-gomlek.jpg","","","","","","","","","","Desenli gömlek ürün fotoğrafı ve fitroomus yapay zeka manken görseli (Sokak stili)","","","","","","","","","","",false,"","","","","","","","","","","","","","POST",false,"","","","","","","","","","","","POST","","","","","","","","","","","","","","","","","","","","","","","","","","","","","","","","","",""
"Abiye · fitroomus ile 1 dakikada ✨ fitroomus.com","2026-10-15","12:00:00",false,true,false,false,false,true,false,false,false,false,false,"https://raw.githubusercontent.com/iletisim-prog/fitroomus-sosyal-medya/main/g/s-os-abiye.jpg","","","","","","","","","","Abiye ürün fotoğrafı ve fitroomus yapay zeka manken görseli (Gelinlik/Abiye modu)","","","","","","","","","","",false,"","","","","","","","","","","","","","STORY",false,"","","","","","","","","","","","STORY","","","","","","","","","","","","","","","","","","","","","","","","","","","","","","","","","",""
"Blazer ceket satıyorsan bunu kaydet. 📌

Trendyol, Instagram ve web siten için hazır, yüksek çözünürlüklü görseller.

👉 Kendi ürününle dene, ilk 2 paket bizden.

#blazer #blazerceket #şıkkombin #eticarettürkiye #butikgiyim #onlinesatış #ürünçekimi #yapayzekafotoğraf #kadıngiyim #fitroomus","2026-10-15","13:30:00",false,true,false,false,false,true,false,false,false,false,false,"https://raw.githubusercontent.com/iletisim-prog/fitroomus-sosyal-medya/main/g/f-os-blazer-2.jpg","","","","","","","","","","Blazer ceket ürün fotoğrafı ve fitroomus yapay zeka manken görseli (Sokak stili)","","","","","","","","","","",false,"","","","","","","","","","","","","","POST",false,"","","","","","","","","","","","POST","","","","","","","","","","","","","","","","","","","","","","","","","","","","","","","","","",""
"Çiçekli elbise · fitroomus ile 1 dakikada ✨ fitroomus.com","2026-10-15","15:30:00",false,true,false,false,false,true,false,false,false,false,false,"https://raw.githubusercontent.com/iletisim-prog/fitroomus-sosyal-medya/main/g/s-hero-elbisecicek.jpg","","","","","","","","","","Çiçekli elbise ürün fotoğrafı ve fitroomus yapay zeka manken görseli (Günlük casual)","","","","","","","","","","",false,"","","","","","","","","","","","","","STORY",false,"","","","","","","","","","","","STORY","","","","","","","","","","","","","","","","","","","","","","","","","","","","","","","","","",""
"Çekim günü beklemeden plaj elbisesi görselin hazır. ⏱️

fitroomus yapay zekası ürünü mankene giydiriyor: renk, kumaş ve kalıp aynen korunuyor.

👉 Kredi kartı gerekmez. fitroomus.com

#plajelbisesi #tatil #yazlık #butiksahibi #girişimci #eticaretipuçları #ürüngörseli #aimodel #modatasarım #fitroomus","2026-10-15","17:30:00",false,true,false,false,false,true,false,false,false,false,false,"https://raw.githubusercontent.com/iletisim-prog/fitroomus-sosyal-medya/main/g/f-hero-plaj.jpg","","","","","","","","","","Plaj elbisesi ürün fotoğrafı ve fitroomus yapay zeka manken görseli (Plaj stili)","","","","","","","","","","",false,"","","","","","","","","","","","","","POST",false,"","","","","","","","","","","","POST","","","","","","","","","","","","","","","","","","","","","","","","","","","","","","","","","",""
"Trendyol'a yükleyebilir miyim? · fitroomus.com","2026-10-15","19:00:00",false,true,false,false,false,true,false,false,false,false,false,"https://raw.githubusercontent.com/iletisim-prog/fitroomus-sosyal-medya/main/g/s-ipucu-17.jpg","","","","","","","","","","fitroomus soru-cevap: Trendyol'a yükleyebilir miyim?","","","","","","","","","","",false,"","","","","","","","","","","","","","STORY",false,"","","","","","","","","","","","STORY","","","","","","","","","","","","","","","","","","","","","","","","","","","","","","","","","",""
"Bu kot ceket mağazada askıda duruyordu. 👀

Tek fotoğraftan aynı mankenle 4 poz: önden, yarı dönük, yakın plan ve yürürken.

👉 Yeni üyelere 2 paket ücretsiz — link profilde.

#kotceket #denim #sokakstili #eticaret #butik #instagrambutik #trendyolsatıcı #ürünfotoğrafı #mankençekimi #yapayzeka #fitroomus","2026-10-15","20:30:00",false,true,false,false,false,true,false,false,false,false,false,"https://raw.githubusercontent.com/iletisim-prog/fitroomus-sosyal-medya/main/g/f-hero-jeanceket.jpg","","","","","","","","","","Kot ceket ürün fotoğrafı ve fitroomus yapay zeka manken görseli (Sokak stili)","","","","","","","","","","",false,"","","","","","","","","","","","","","POST",false,"","","","","","","","","","","","POST","","","","","","","","","","","","","","","","","","","","","","","","","","","","","","","","","",""
"Erkek gömlek · fitroomus ile 1 dakikada ✨ fitroomus.com","2026-10-15","21:30:00",false,true,false,false,false,true,false,false,false,false,false,"https://raw.githubusercontent.com/iletisim-prog/fitroomus-sosyal-medya/main/g/s-hero-erkekgomlek.jpg","","","","","","","","","","Erkek gömlek ürün fotoğrafı ve fitroomus yapay zeka manken görseli (Ofis modu)","","","","","","","","","","",false,"","","","","","","","","","","","","","STORY",false,"","","","","","","","","","","","STORY","","","","","","","","","","","","","","","","","","","","","","","","","","","","","","","","","",""
"Birden fazla ürün olan fotoğraf? · fitroomus.com","2026-10-15","22:30:00",false,true,false,false,false,true,false,false,false,false,false,"https://raw.githubusercontent.com/iletisim-prog/fitroomus-sosyal-medya/main/g/s-ipucu-19.jpg","","","","","","","","","","fitroomus soru-cevap: Birden fazla ürün olan fotoğraf?","","","","","","","","","","",false,"","","","","","","","","","","","","","STORY",false,"","","","","","","","","","","","STORY","","","","","","","","","","","","","","","","","","","","","","","","","","","","","","","","","",""
"Desenli gömlek · fitroomus ile 1 dakikada ✨ fitroomus.com","2026-10-16","08:30:00",false,true,false,false,false,true,false,false,false,false,false,"https://raw.githubusercontent.com/iletisim-prog/fitroomus-sosyal-medya/main/g/s-os-gomlek.jpg","","","","","","","","","","Desenli gömlek ürün fotoğrafı ve fitroomus yapay zeka manken görseli (Sokak stili)","","","","","","","","","","",false,"","","","","","","","","","","","","","STORY",false,"","","","","","","","","","","","STORY","","","","","","","","","","","","","","","","","","","","","","","","","","","","","","","","","",""
"Triko elbise için stüdyo kiralamana gerek yok. ✨

Stüdyo, manken, fotoğrafçı yok. Sadece telefonun ve 1 dakika.

👉 Ücretsiz dene: fitroomus.com

#trikoelbise #elbise #günlükstil #eticarettürkiye #butikgiyim #onlinesatış #ürünçekimi #yapayzekafotoğraf #kadıngiyim #fitroomus","2026-10-16","10:00:00",false,true,false,false,false,true,false,false,false,false,false,"https://raw.githubusercontent.com/iletisim-prog/fitroomus-sosyal-medya/main/g/f-os-kahve-1.jpg","","","","","","","","","","Triko elbise ürün fotoğrafı ve fitroomus yapay zeka manken görseli (Günlük casual)","","","","","","","","","","",false,"","","","","","","","","","","","","","POST",false,"","","","","","","","","","","","POST","","","","","","","","","","","","","","","","","","","","","","","","","","","","","","","","","",""
"Nişan elbisesi · fitroomus ile 1 dakikada ✨ fitroomus.com","2026-10-16","12:00:00",false,true,false,false,false,true,false,false,false,false,false,"https://raw.githubusercontent.com/iletisim-prog/fitroomus-sosyal-medya/main/g/s-os-nisan.jpg","","","","","","","","","","Nişan elbisesi ürün fotoğrafı ve fitroomus yapay zeka manken görseli (Davet şıklığı)","","","","","","","","","","",false,"","","","","","","","","","","","","","STORY",false,"","","","","","","","","","","","STORY","","","","","","","","","","","","","","","","","","","","","","","","","","","","","","","","","",""
"Önce / sonra: polar ceket 👇

Kışlık outdoor ile ürünün doğru sahnede, doğru stilde görünür.

👉 Kendi ürününle dene, ilk 2 paket bizden.

#polar #outdoor #kampkıyafeti #butiksahibi #girişimci #eticaretipuçları #ürüngörseli #aimodel #modatasarım #fitroomus","2026-10-16","13:30:00",false,true,false,false,false,true,false,false,false,false,false,"https://raw.githubusercontent.com/iletisim-prog/fitroomus-sosyal-medya/main/g/f-os-polar-1.jpg","","","","","","","","","","Polar ceket ürün fotoğrafı ve fitroomus yapay zeka manken görseli (Kışlık outdoor)","","","","","","","","","","",false,"","","","","","","","","","","","","","POST",false,"","","","","","","","","","","","POST","","","","","","","","","","","","","","","","","","","","","","","","","","","","","","","","","",""
"Kuşaklı elbise · fitroomus ile 1 dakikada ✨ fitroomus.com","2026-10-16","15:30:00",false,true,false,false,false,true,false,false,false,false,false,"https://raw.githubusercontent.com/iletisim-prog/fitroomus-sosyal-medya/main/g/s-hero-gri.jpg","","","","","","","","","","Kuşaklı elbise ürün fotoğrafı ve fitroomus yapay zeka manken görseli (Minimal stüdyo)","","","","","","","","","","",false,"","","","","","","","","","","","","","STORY",false,"","","","","","","","","","","","STORY","","","","","","","","","","","","","","","","","","","","","","","","","","","","","","","","","",""
"Çiçekli elbise fotoğrafını telefonla çektin mi? 📱

Trendyol, Instagram ve web siten için hazır, yüksek çözünürlüklü görseller.

👉 Kredi kartı gerekmez. fitroomus.com

#çiçeklielbise #kruvazelbise #ilkbahar #eticaret #butik #instagrambutik #trendyolsatıcı #ürünfotoğrafı #mankençekimi #yapayzeka #fitroomus","2026-10-16","17:30:00",false,true,false,false,false,true,false,false,false,false,false,"https://raw.githubusercontent.com/iletisim-prog/fitroomus-sosyal-medya/main/g/f-os-elbisecicek-2.jpg","","","","","","","","","","Çiçekli elbise ürün fotoğrafı ve fitroomus yapay zeka manken görseli (Günlük casual)","","","","","","","","","","",false,"","","","","","","","","","","","","","POST",false,"","","","","","","","","","","","POST","","","","","","","","","","","","","","","","","","","","","","","","","","","","","","","","","",""
"Uzun şişme mont · fitroomus ile 1 dakikada ✨ fitroomus.com","2026-10-16","19:00:00",false,true,false,false,false,true,false,false,false,false,false,"https://raw.githubusercontent.com/iletisim-prog/fitroomus-sosyal-medya/main/g/s-os-sisme.jpg","","","","","","","","","","Uzun şişme mont ürün fotoğrafı ve fitroomus yapay zeka manken görseli (Kışlık outdoor)","","","","","","","","","","",false,"","","","","","","","","","","","","","STORY",false,"","","","","","","","","","","","STORY","","","","","","","","","","","","","","","","","","","","","","","","","","","","","","","","","",""
"Nişan elbisesi satıyorsan bunu kaydet. 📌

fitroomus yapay zekası ürünü mankene giydiriyor: renk, kumaş ve kalıp aynen korunuyor.

👉 Yeni üyelere 2 paket ücretsiz — link profilde.

#nişanelbisesi #nişan #sözelbisesi #eticarettürkiye #butikgiyim #onlinesatış #ürünçekimi #yapayzekafotoğraf #kadıngiyim #fitroomus","2026-10-16","20:30:00",false,true,false,false,false,true,false,false,false,false,false,"https://raw.githubusercontent.com/iletisim-prog/fitroomus-sosyal-medya/main/g/f-hero-nisan.jpg","","","","","","","","","","Nişan elbisesi ürün fotoğrafı ve fitroomus yapay zeka manken görseli (Davet şıklığı)","","","","","","","","","","",false,"","","","","","","","","","","","","","POST",false,"","","","","","","","","","","","POST","","","","","","","","","","","","","","","","","","","","","","","","","","","","","","","","","",""
"Pliseli etek · fitroomus ile 1 dakikada ✨ fitroomus.com","2026-10-16","21:30:00",false,true,false,false,false,true,false,false,false,false,false,"https://raw.githubusercontent.com/iletisim-prog/fitroomus-sosyal-medya/main/g/s-os-etek.jpg","","","","","","","","","","Pliseli etek ürün fotoğrafı ve fitroomus yapay zeka manken görseli (Ofis modu)","","","","","","","","","","",false,"","","","","","","","","","","","","","STORY",false,"","","","","","","","","","","","STORY","","","","","","","","","","","","","","","","","","","","","","","","","","","","","","","","","",""
"Mankenli görsel, düz fotoğraftan daha çok satar. · fitroomus.com","2026-10-16","22:30:00",false,true,false,false,false,true,false,false,false,false,false,"https://raw.githubusercontent.com/iletisim-prog/fitroomus-sosyal-medya/main/g/s-ipucu-02.jpg","","","","","","","","","","fitroomus satış ipucu #2: Mankenli görsel, düz fotoğraftan daha çok satar.","","","","","","","","","","",false,"","","","","","","","","","","","","","STORY",false,"","","","","","","","","","","","STORY","","","","","","","","","","","","","","","","","","","","","","","","","","","","","","","","","",""
"Triko kazak · fitroomus ile 1 dakikada ✨ fitroomus.com","2026-10-17","08:30:00",false,true,false,false,false,true,false,false,false,false,false,"https://raw.githubusercontent.com/iletisim-prog/fitroomus-sosyal-medya/main/g/s-hero-triko.jpg","","","","","","","","","","Triko kazak ürün fotoğrafı ve fitroomus yapay zeka manken görseli (Günlük casual)","","","","","","","","","","",false,"","","","","","","","","","","","","","STORY",false,"","","","","","","","","","","","STORY","","","","","","","","","","","","","","","","","","","","","","","","","","","","","","","","","",""
"Çekim günü beklemeden uzun şişme mont görselin hazır. ⏱️

Tek fotoğraftan aynı mankenle 4 poz: önden, yarı dönük, yakın plan ve yürürken.

👉 Ücretsiz dene: fitroomus.com

#şişmemont #tesettürmont #kış #butiksahibi #girişimci #eticaretipuçları #ürüngörseli #aimodel #modatasarım #fitroomus","2026-10-17","10:00:00",false,true,false,false,false,true,false,false,false,false,false,"https://raw.githubusercontent.com/iletisim-prog/fitroomus-sosyal-medya/main/g/f-hero-sisme.jpg","","","","","","","","","","Uzun şişme mont ürün fotoğrafı ve fitroomus yapay zeka manken görseli (Kışlık outdoor)","","","","","","","","","","",false,"","","","","","","","","","","","","","POST",false,"","","","","","","","","","","","POST","","","","","","","","","","","","","","","","","","","","","","","","","","","","","","","","","",""
"Kuşaklı elbise · fitroomus ile 1 dakikada ✨ fitroomus.com","2026-10-17","12:00:00",false,true,false,false,false,true,false,false,false,false,false,"https://raw.githubusercontent.com/iletisim-prog/fitroomus-sosyal-medya/main/g/s-os-gri.jpg","","","","","","","","","","Kuşaklı elbise ürün fotoğrafı ve fitroomus yapay zeka manken görseli (Minimal stüdyo)","","","","","","","","","","",false,"","","","","","","","","","","","","","STORY",false,"","","","","","","","","","","","STORY","","","","","","","","","","","","","","","","","","","","","","","","","","","","","","","","","",""
"Bu blazer ceket mağazada askıda duruyordu. 👀

Stüdyo, manken, fotoğrafçı yok. Sadece telefonun ve 1 dakika.

👉 Kendi ürününle dene, ilk 2 paket bizden.

#blazer #blazerceket #şıkkombin #eticaret #butik #instagrambutik #trendyolsatıcı #ürünfotoğrafı #mankençekimi #yapayzeka #fitroomus","2026-10-17","13:30:00",false,true,false,false,false,true,false,false,false,false,false,"https://raw.githubusercontent.com/iletisim-prog/fitroomus-sosyal-medya/main/g/f-hero-blazer.jpg","","","","","","","","","","Blazer ceket ürün fotoğrafı ve fitroomus yapay zeka manken görseli (Sokak stili)","","","","","","","","","","",false,"","","","","","","","","","","","","","POST",false,"","","","","","","","","","","","POST","","","","","","","","","","","","","","","","","","","","","","","","","","","","","","","","","",""
"Kaftan · fitroomus ile 1 dakikada ✨ fitroomus.com","2026-10-17","15:30:00",false,true,false,false,false,true,false,false,false,false,false,"https://raw.githubusercontent.com/iletisim-prog/fitroomus-sosyal-medya/main/g/s-os-kaftan.jpg","","","","","","","","","","Kaftan ürün fotoğrafı ve fitroomus yapay zeka manken görseli (Lüks editorial)","","","","","","","","","","",false,"","","","","","","","","","","","","","STORY",false,"","","","","","","","","","","","STORY","","","","","","","","","","","","","","","","","","","","","","","","","","","","","","","","","",""
"Nişan elbisesi için stüdyo kiralamana gerek yok. ✨

Davet şıklığı ile ürünün doğru sahnede, doğru stilde görünür.

👉 Kredi kartı gerekmez. fitroomus.com

#nişanelbisesi #nişan #sözelbisesi #eticarettürkiye #butikgiyim #onlinesatış #ürünçekimi #yapayzekafotoğraf #kadıngiyim #fitroomus","2026-10-17","17:30:00",false,true,false,false,false,true,false,false,false,false,false,"https://raw.githubusercontent.com/iletisim-prog/fitroomus-sosyal-medya/main/g/f-os-nisan-2.jpg","","","","","","","","","","Nişan elbisesi ürün fotoğrafı ve fitroomus yapay zeka manken görseli (Davet şıklığı)","","","","","","","","","","",false,"","","","","","","","","","","","","","POST",false,"","","","","","","","","","","","POST","","","","","","","","","","","","","","","","","","","","","","","","","","","","","","","","","",""
"Fiyatlar nasıl? · fitroomus.com","2026-10-17","19:00:00",false,true,false,false,false,true,false,false,false,false,false,"https://raw.githubusercontent.com/iletisim-prog/fitroomus-sosyal-medya/main/g/s-ipucu-20.jpg","","","","","","","","","","fitroomus soru-cevap: Fiyatlar nasıl?","","","","","","","","","","",false,"","","","","","","","","","","","","","STORY",false,"","","","","","","","","","","","STORY","","","","","","","","","","","","","","","","","","","","","","","","","","","","","","","","","",""
"Önce / sonra: sweatshirt 👇

Trendyol, Instagram ve web siten için hazır, yüksek çözünürlüklü görseller.

👉 Yeni üyelere 2 paket ücretsiz — link profilde.

#sweatshirt #oversize #günlükkombin #butiksahibi #girişimci #eticaretipuçları #ürüngörseli #aimodel #modatasarım #fitroomus","2026-10-17","20:30:00",false,true,false,false,false,true,false,false,false,false,false,"https://raw.githubusercontent.com/iletisim-prog/fitroomus-sosyal-medya/main/g/f-os-sweat-1.jpg","","","","","","","","","","Sweatshirt ürün fotoğrafı ve fitroomus yapay zeka manken görseli (Günlük casual)","","","","","","","","","","",false,"","","","","","","","","","","","","","POST",false,"","","","","","","","","","","","POST","","","","","","","","","","","","","","","","","","","","","","","","","","","","","","","","","",""
"Tesettür ürünlerde doğru stil önemli. · fitroomus.com","2026-10-17","21:30:00",false,true,false,false,false,true,false,false,false,false,false,"https://raw.githubusercontent.com/iletisim-prog/fitroomus-sosyal-medya/main/g/s-ipucu-07.jpg","","","","","","","","","","fitroomus satış ipucu #7: Tesettür ürünlerde doğru stil önemli.","","","","","","","","","","",false,"","","","","","","","","","","","","","STORY",false,"","","","","","","","","","","","STORY","","","","","","","","","","","","","","","","","","","","","","","","","","","","","","","","","",""
"Çocuk elbisesi · fitroomus ile 1 dakikada ✨ fitroomus.com","2026-10-17","22:30:00",false,true,false,false,false,true,false,false,false,false,false,"https://raw.githubusercontent.com/iletisim-prog/fitroomus-sosyal-medya/main/g/s-hero-cocukelbise.jpg","","","","","","","","","","Çocuk elbisesi ürün fotoğrafı ve fitroomus yapay zeka manken görseli (Günlük casual)","","","","","","","","","","",false,"","","","","","","","","","","","","","STORY",false,"","","","","","","","","","","","STORY","","","","","","","","","","","","","","","","","","","","","","","","","","","","","","","","","",""
"Baskılı tişört · fitroomus ile 1 dakikada ✨ fitroomus.com","2026-10-18","08:30:00",false,true,false,false,false,true,false,false,false,false,false,"https://raw.githubusercontent.com/iletisim-prog/fitroomus-sosyal-medya/main/g/s-hero-tisort.jpg","","","","","","","","","","Baskılı tişört ürün fotoğrafı ve fitroomus yapay zeka manken görseli (Sokak stili)","","","","","","","","","","",false,"","","","","","","","","","","","","","STORY",false,"","","","","","","","","","","","STORY","","","","","","","","","","","","","","","","","","","","","","","","","","","","","","","","","",""
"Biliyor muydun?: Telefon fotoğrafı yeter. 💡

Askıda, mankende, hatta yerde çekilmiş ürünleri de tanıyoruz.

👉 Yeni üyelere 2 paket ücretsiz — link profilde.

#eticaret #butik #instagrambutik #trendyolsatıcı #ürünfotoğrafı #mankençekimi #yapayzeka #fitroomus","2026-10-18","10:00:00",false,true,false,false,false,true,false,false,false,false,false,"https://raw.githubusercontent.com/iletisim-prog/fitroomus-sosyal-medya/main/g/f-ipucu-13.jpg","","","","","","","","","","fitroomus biliyor muydun?: Telefon fotoğrafı yeter.","","","","","","","","","","",false,"","","","","","","","","","","","","","POST",false,"","","","","","","","","","","","POST","","","","","","","","","","","","","","","","","","","","","","","","","","","","","","","","","",""
"Saten pijama · fitroomus ile 1 dakikada ✨ fitroomus.com","2026-10-18","12:00:00",false,true,false,false,false,true,false,false,false,false,false,"https://raw.githubusercontent.com/iletisim-prog/fitroomus-sosyal-medya/main/g/s-os-pijama.jpg","","","","","","","","","","Saten pijama ürün fotoğrafı ve fitroomus yapay zeka manken görseli (Ev/rahat giyim)","","","","","","","","","","",false,"","","","","","","","","","","","","","STORY",false,"","","","","","","","","","","","STORY","","","","","","","","","","","","","","","","","","","","","","","","","","","","","","","","","",""
"Abiye satıyorsan bunu kaydet. 📌

Tek fotoğraftan aynı mankenle 4 poz: önden, yarı dönük, yakın plan ve yürürken.

👉 Kendi ürününle dene, ilk 2 paket bizden.

#abiye #abiyeelbise #davetelbisesi #eticarettürkiye #butikgiyim #onlinesatış #ürünçekimi #yapayzekafotoğraf #kadıngiyim #fitroomus","2026-10-18","13:30:00",false,true,false,false,false,true,false,false,false,false,false,"https://raw.githubusercontent.com/iletisim-prog/fitroomus-sosyal-medya/main/g/f-os-abiye-1.jpg","","","","","","","","","","Abiye ürün fotoğrafı ve fitroomus yapay zeka manken görseli (Gelinlik/Abiye modu)","","","","","","","","","","",false,"","","","","","","","","","","","","","POST",false,"","","","","","","","","","","","POST","","","","","","","","","","","","","","","","","","","","","","","","","","","","","","","","","",""
"Abiye · fitroomus ile 1 dakikada ✨ fitroomus.com","2026-10-18","15:30:00",false,true,false,false,false,true,false,false,false,false,false,"https://raw.githubusercontent.com/iletisim-prog/fitroomus-sosyal-medya/main/g/s-hero-abiye.jpg","","","","","","","","","","Abiye ürün fotoğrafı ve fitroomus yapay zeka manken görseli (Gelinlik/Abiye modu)","","","","","","","","","","",false,"","","","","","","","","","","","","","STORY",false,"","","","","","","","","","","","STORY","","","","","","","","","","","","","","","","","","","","","","","","","","","","","","","","","",""
"Soru-cevap: Fiyatlar nasıl? 💡

10 paket 299 ₺. Çok alana paket başı 20 ₺'ye kadar iner.

👉 Kendi ürününle dene, ilk 2 paket bizden.

#butiksahibi #girişimci #eticaretipuçları #ürüngörseli #aimodel #modatasarım #fitroomus","2026-10-18","17:30:00",false,true,false,false,false,true,false,false,false,false,false,"https://raw.githubusercontent.com/iletisim-prog/fitroomus-sosyal-medya/main/g/f-ipucu-20.jpg","","","","","","","","","","fitroomus soru-cevap: Fiyatlar nasıl?","","","","","","","","","","",false,"","","","","","","","","","","","","","POST",false,"","","","","","","","","","","","POST","","","","","","","","","","","","","","","","","","","","","","","","","","","","","","","","","",""
"Yeni ürünü aynı gün yayınla. · fitroomus.com","2026-10-18","19:00:00",false,true,false,false,false,true,false,false,false,false,false,"https://raw.githubusercontent.com/iletisim-prog/fitroomus-sosyal-medya/main/g/s-ipucu-06.jpg","","","","","","","","","","fitroomus satış ipucu #6: Yeni ürünü aynı gün yayınla.","","","","","","","","","","",false,"","","","","","","","","","","","","","STORY",false,"","","","","","","","","","","","STORY","","","","","","","","","","","","","","","","","","","","","","","","","","","","","","","","","",""
"Bu plaj elbisesi mağazada askıda duruyordu. 👀

Plaj stili ile ürünün doğru sahnede, doğru stilde görünür.

👉 Yeni üyelere 2 paket ücretsiz — link profilde.

#plajelbisesi #tatil #yazlık #eticaret #butik #instagrambutik #trendyolsatıcı #ürünfotoğrafı #mankençekimi #yapayzeka #fitroomus","2026-10-18","20:30:00",false,true,false,false,false,true,false,false,false,false,false,"https://raw.githubusercontent.com/iletisim-prog/fitroomus-sosyal-medya/main/g/f-os-plaj-2.jpg","","","","","","","","","","Plaj elbisesi ürün fotoğrafı ve fitroomus yapay zeka manken görseli (Plaj stili)","","","","","","","","","","",false,"","","","","","","","","","","","","","POST",false,"","","","","","","","","","","","POST","","","","","","","","","","","","","","","","","","","","","","","","","","","","","","","","","",""
"Blazer ceket · fitroomus ile 1 dakikada ✨ fitroomus.com","2026-10-18","21:30:00",false,true,false,false,false,true,false,false,false,false,false,"https://raw.githubusercontent.com/iletisim-prog/fitroomus-sosyal-medya/main/g/s-hero-blazer.jpg","","","","","","","","","","Blazer ceket ürün fotoğrafı ve fitroomus yapay zeka manken görseli (Sokak stili)","","","","","","","","","","",false,"","","","","","","","","","","","","","STORY",false,"","","","","","","","","","","","STORY","","","","","","","","","","","","","","","","","","","","","","","","","","","","","","","","","",""
"Aynı manken = güvenilir mağaza. · fitroomus.com","2026-10-18","22:30:00",false,true,false,false,false,true,false,false,false,false,false,"https://raw.githubusercontent.com/iletisim-prog/fitroomus-sosyal-medya/main/g/s-ipucu-03.jpg","","","","","","","","","","fitroomus satış ipucu #3: Aynı manken = güvenilir mağaza.","","","","","","","","","","",false,"","","","","","","","","","","","","","STORY",false,"","","","","","","","","","","","STORY","","","","","","","","","","","","","","","","","","","","","","","","","","","","","","","","","",""
"Triko elbise · fitroomus ile 1 dakikada ✨ fitroomus.com","2026-10-19","08:30:00",false,true,false,false,false,true,false,false,false,false,false,"https://raw.githubusercontent.com/iletisim-prog/fitroomus-sosyal-medya/main/g/s-ilk-S2-4-poz.jpg","","","","","","","","","","Triko elbise ürün fotoğrafı ve fitroomus yapay zeka manken görseli (Günlük casual)","","","","","","","","","","",false,"","","","","","","","","","","","","","STORY",false,"","","","","","","","","","","","STORY","","","","","","","","","","","","","","","","","","","","","","","","","","","","","","","","","",""
"Satış ipucu #9: Yakın plan kumaşı satar. 💡

Dokuyu, dikişi, düğmeyi gösteren yakın plan pozu pakette hazır.

👉 Yeni üyelere 2 paket ücretsiz — link profilde.

#eticarettürkiye #butikgiyim #onlinesatış #ürünçekimi #yapayzekafotoğraf #kadıngiyim #fitroomus","2026-10-19","10:00:00",false,true,false,false,false,true,false,false,false,false,false,"https://raw.githubusercontent.com/iletisim-prog/fitroomus-sosyal-medya/main/g/f-ipucu-09.jpg","","","","","","","","","","fitroomus satış ipucu #9: Yakın plan kumaşı satar.","","","","","","","","","","",false,"","","","","","","","","","","","","","POST",false,"","","","","","","","","","","","POST","","","","","","","","","","","","","","","","","","","","","","","","","","","","","","","","","",""
"Erkek mont · fitroomus ile 1 dakikada ✨ fitroomus.com","2026-10-19","12:00:00",false,true,false,false,false,true,false,false,false,false,false,"https://raw.githubusercontent.com/iletisim-prog/fitroomus-sosyal-medya/main/g/s-hero-erkekmont.jpg","","","","","","","","","","Erkek mont ürün fotoğrafı ve fitroomus yapay zeka manken görseli (Kışlık outdoor)","","","","","","","","","","",false,"","","","","","","","","","","","","","STORY",false,"","","","","","","","","","","","STORY","","","","","","","","","","","","","","","","","","","","","","","","","","","","","","","","","",""
"Önce / sonra: baskılı tişört 👇

fitroomus yapay zekası ürünü mankene giydiriyor: renk, kumaş ve kalıp aynen korunuyor.

👉 Kendi ürününle dene, ilk 2 paket bizden.

#tişört #baskılıtişört #streetwear #butiksahibi #girişimci #eticaretipuçları #ürüngörseli #aimodel #modatasarım #fitroomus","2026-10-19","13:30:00",false,true,false,false,false,true,false,false,false,false,false,"https://raw.githubusercontent.com/iletisim-prog/fitroomus-sosyal-medya/main/g/f-os-tisort-2.jpg","","","","","","","","","","Baskılı tişört ürün fotoğrafı ve fitroomus yapay zeka manken görseli (Sokak stili)","","","","","","","","","","",false,"","","","","","","","","","","","","","POST",false,"","","","","","","","","","","","POST","","","","","","","","","","","","","","","","","","","","","","","","","","","","","","","","","",""
"Çocuk eşofmanı · fitroomus ile 1 dakikada ✨ fitroomus.com","2026-10-19","15:30:00",false,true,false,false,false,true,false,false,false,false,false,"https://raw.githubusercontent.com/iletisim-prog/fitroomus-sosyal-medya/main/g/s-os-cocukesofman.jpg","","","","","","","","","","Çocuk eşofmanı ürün fotoğrafı ve fitroomus yapay zeka manken görseli (Spor modu)","","","","","","","","","","",false,"","","","","","","","","","","","","","STORY",false,"","","","","","","","","","","","STORY","","","","","","","","","","","","","","","","","","","","","","","","","","","","","","","","","",""
"Tesettür tunik fotoğrafını telefonla çektin mi? 📱

Tek fotoğraftan aynı mankenle 4 poz: önden, yarı dönük, yakın plan ve yürürken.

👉 Kredi kartı gerekmez. fitroomus.com

#tunik #tesettürtunik #tesettür #eticaret #butik #instagrambutik #trendyolsatıcı #ürünfotoğrafı #mankençekimi #yapayzeka #fitroomus","2026-10-19","17:30:00",false,true,false,false,false,true,false,false,false,false,false,"https://raw.githubusercontent.com/iletisim-prog/fitroomus-sosyal-medya/main/g/f-os-tunik-1.jpg","","","","","","","","","","Tesettür tunik ürün fotoğrafı ve fitroomus yapay zeka manken görseli (Tesettür modu)","","","","","","","","","","",false,"","","","","","","","","","","","","","POST",false,"","","","","","","","","","","","POST","","","","","","","","","","","","","","","","","","","","","","","","","","","","","","","","","",""
"Polar ceket · fitroomus ile 1 dakikada ✨ fitroomus.com","2026-10-19","19:00:00",false,true,false,false,false,true,false,false,false,false,false,"https://raw.githubusercontent.com/iletisim-prog/fitroomus-sosyal-medya/main/g/s-hero-polar.jpg","","","","","","","","","","Polar ceket ürün fotoğrafı ve fitroomus yapay zeka manken görseli (Kışlık outdoor)","","","","","","","","","","",false,"","","","","","","","","","","","","","STORY",false,"","","","","","","","","","","","STORY","","","","","","","","","","","","","","","","","","","","","","","","","","","","","","","","","",""
"Triko kazak satıyorsan bunu kaydet. 📌

Stüdyo, manken, fotoğrafçı yok. Sadece telefonun ve 1 dakika.

👉 Yeni üyelere 2 paket ücretsiz — link profilde.

#triko #kazak #örgükazak #eticarettürkiye #butikgiyim #onlinesatış #ürünçekimi #yapayzekafotoğraf #kadıngiyim #fitroomus","2026-10-19","20:30:00",false,true,false,false,false,true,false,false,false,false,false,"https://raw.githubusercontent.com/iletisim-prog/fitroomus-sosyal-medya/main/g/f-os-triko-2.jpg","","","","","","","","","","Triko kazak ürün fotoğrafı ve fitroomus yapay zeka manken görseli (Günlük casual)","","","","","","","","","","",false,"","","","","","","","","","","","","","POST",false,"","","","","","","","","","","","POST","","","","","","","","","","","","","","","","","","","","","","","","","","","","","","","","","",""
"Çiçekli elbise · fitroomus ile 1 dakikada ✨ fitroomus.com","2026-10-19","21:30:00",false,true,false,false,false,true,false,false,false,false,false,"https://raw.githubusercontent.com/iletisim-prog/fitroomus-sosyal-medya/main/g/s-hero-elbisecicek.jpg","","","","","","","","","","Çiçekli elbise ürün fotoğrafı ve fitroomus yapay zeka manken görseli (Günlük casual)","","","","","","","","","","",false,"","","","","","","","","","","","","","STORY",false,"","","","","","","","","","","","STORY","","","","","","","","","","","","","","","","","","","","","","","","","","","","","","","","","",""
"Keten gömlek · fitroomus ile 1 dakikada ✨ fitroomus.com","2026-10-19","22:30:00",false,true,false,false,false,true,false,false,false,false,false,"https://raw.githubusercontent.com/iletisim-prog/fitroomus-sosyal-medya/main/g/s-hero-keten.jpg","","","","","","","","","","Keten gömlek ürün fotoğrafı ve fitroomus yapay zeka manken görseli (Plaj/yaz stili)","","","","","","","","","","",false,"","","","","","","","","","","","","","STORY",false,"","","","","","","","","","","","STORY","","","","","","","","","","","","","","","","","","","","","","","","","","","","","","","","","",""
"Kaban · fitroomus ile 1 dakikada ✨ fitroomus.com","2026-10-20","08:30:00",false,true,false,false,false,true,false,false,false,false,false,"https://raw.githubusercontent.com/iletisim-prog/fitroomus-sosyal-medya/main/g/s-os-kaban.jpg","","","","","","","","","","Kaban ürün fotoğrafı ve fitroomus yapay zeka manken görseli (Tesettür modu)","","","","","","","","","","",false,"","","","","","","","","","","","","","STORY",false,"","","","","","","","","","","","STORY","","","","","","","","","","","","","","","","","","","","","","","","","","","","","","","","","",""
"Çekim günü beklemeden kadın takım görselin hazır. ⏱️

Ofis modu ile ürünün doğru sahnede, doğru stilde görünür.

👉 Ücretsiz dene: fitroomus.com

#takımelbise #kadıntakım #ofisşıklığı #butiksahibi #girişimci #eticaretipuçları #ürüngörseli #aimodel #modatasarım #fitroomus","2026-10-20","10:00:00",false,true,false,false,false,true,false,false,false,false,false,"https://raw.githubusercontent.com/iletisim-prog/fitroomus-sosyal-medya/main/g/f-os-takim-2.jpg","","","","","","","","","","Kadın takım ürün fotoğrafı ve fitroomus yapay zeka manken görseli (Ofis modu)","","","","","","","","","","",false,"","","","","","","","","","","","","","POST",false,"","","","","","","","","","","","POST","","","","","","","","","","","","","","","","","","","","","","","","","","","","","","","","","",""
"Erkek gömlek · fitroomus ile 1 dakikada ✨ fitroomus.com","2026-10-20","12:00:00",false,true,false,false,false,true,false,false,false,false,false,"https://raw.githubusercontent.com/iletisim-prog/fitroomus-sosyal-medya/main/g/s-os-erkekgomlek.jpg","","","","","","","","","","Erkek gömlek ürün fotoğrafı ve fitroomus yapay zeka manken görseli (Ofis modu)","","","","","","","","","","",false,"","","","","","","","","","","","","","STORY",false,"","","","","","","","","","","","STORY","","","","","","","","","","","","","","","","","","","","","","","","","","","","","","","","","",""
"Bu erkek gömlek mağazada askıda duruyordu. 👀

Trendyol, Instagram ve web siten için hazır, yüksek çözünürlüklü görseller.

👉 Kendi ürününle dene, ilk 2 paket bizden.

#erkekgiyim #erkekgömlek #erkekmodası #eticaret #butik #instagrambutik #trendyolsatıcı #ürünfotoğrafı #mankençekimi #yapayzeka #fitroomus","2026-10-20","13:30:00",false,true,false,false,false,true,false,false,false,false,false,"https://raw.githubusercontent.com/iletisim-prog/fitroomus-sosyal-medya/main/g/f-os-erkekgomlek-1.jpg","","","","","","","","","","Erkek gömlek ürün fotoğrafı ve fitroomus yapay zeka manken görseli (Ofis modu)","","","","","","","","","","",false,"","","","","","","","","","","","","","POST",false,"","","","","","","","","","","","POST","","","","","","","","","","","","","","","","","","","","","","","","","","","","","","","","","",""
"Polar ceket · fitroomus ile 1 dakikada ✨ fitroomus.com","2026-10-20","15:30:00",false,true,false,false,false,true,false,false,false,false,false,"https://raw.githubusercontent.com/iletisim-prog/fitroomus-sosyal-medya/main/g/s-os-polar.jpg","","","","","","","","","","Polar ceket ürün fotoğrafı ve fitroomus yapay zeka manken görseli (Kışlık outdoor)","","","","","","","","","","",false,"","","","","","","","","","","","","","STORY",false,"","","","","","","","","","","","STORY","","","","","","","","","","","","","","","","","","","","","","","","","","","","","","","","","",""
"Tesettür abiye için stüdyo kiralamana gerek yok. ✨

fitroomus yapay zekası ürünü mankene giydiriyor: renk, kumaş ve kalıp aynen korunuyor.

👉 Kredi kartı gerekmez. fitroomus.com

#tesettürabiye #abiye #düğün #eticarettürkiye #butikgiyim #onlinesatış #ürünçekimi #yapayzekafotoğraf #kadıngiyim #fitroomus","2026-10-20","17:30:00",false,true,false,false,false,true,false,false,false,false,false,"https://raw.githubusercontent.com/iletisim-prog/fitroomus-sosyal-medya/main/g/f-os-tesetturabiye-1.jpg","","","","","","","","","","Tesettür abiye ürün fotoğrafı ve fitroomus yapay zeka manken görseli (Gelinlik/Abiye modu)","","","","","","","","","","",false,"","","","","","","","","","","","","","POST",false,"","","","","","","","","","","","POST","","","","","","","","","","","","","","","","","","","","","","","","","","","","","","","","","",""
"Kaç saniyede hazır? · fitroomus.com","2026-10-20","19:00:00",false,true,false,false,false,true,false,false,false,false,false,"https://raw.githubusercontent.com/iletisim-prog/fitroomus-sosyal-medya/main/g/s-ipucu-16.jpg","","","","","","","","","","fitroomus soru-cevap: Kaç saniyede hazır?","","","","","","","","","","",false,"","","","","","","","","","","","","","STORY",false,"","","","","","","","","","","","STORY","","","","","","","","","","","","","","","","","","","","","","","","","","","","","","","","","",""
"Önce / sonra: triko kazak 👇

Tek fotoğraftan aynı mankenle 4 poz: önden, yarı dönük, yakın plan ve yürürken.

👉 Yeni üyelere 2 paket ücretsiz — link profilde.

#triko #kazak #örgükazak #butiksahibi #girişimci #eticaretipuçları #ürüngörseli #aimodel #modatasarım #fitroomus","2026-10-20","20:30:00",false,true,false,false,false,true,false,false,false,false,false,"https://raw.githubusercontent.com/iletisim-prog/fitroomus-sosyal-medya/main/g/f-hero-triko.jpg","","","","","","","","","","Triko kazak ürün fotoğrafı ve fitroomus yapay zeka manken görseli (Günlük casual)","","","","","","","","","","",false,"","","","","","","","","","","","","","POST",false,"","","","","","","","","","","","POST","","","","","","","","","","","","","","","","","","","","","","","","","","","","","","","","","",""
"Ürünümün rengi değişir mi? · fitroomus.com","2026-10-20","21:30:00",false,true,false,false,false,true,false,false,false,false,false,"https://raw.githubusercontent.com/iletisim-prog/fitroomus-sosyal-medya/main/g/s-ipucu-15.jpg","","","","","","","","","","fitroomus soru-cevap: Ürünümün rengi değişir mi?","","","","","","","","","","",false,"","","","","","","","","","","","","","STORY",false,"","","","","","","","","","","","STORY","","","","","","","","","","","","","","","","","","","","","","","","","","","","","","","","","",""
"Trendyol'a yükleyebilir miyim? · fitroomus.com","2026-10-20","22:30:00",false,true,false,false,false,true,false,false,false,false,false,"https://raw.githubusercontent.com/iletisim-prog/fitroomus-sosyal-medya/main/g/s-ipucu-17.jpg","","","","","","","","","","fitroomus soru-cevap: Trendyol'a yükleyebilir miyim?","","","","","","","","","","",false,"","","","","","","","","","","","","","STORY",false,"","","","","","","","","","","","STORY","","","","","","","","","","","","","","","","","","","","","","","","","","","","","","","","","",""
"Çocuk elbisesi · fitroomus ile 1 dakikada ✨ fitroomus.com","2026-10-21","08:30:00",false,true,false,false,false,true,false,false,false,false,false,"https://raw.githubusercontent.com/iletisim-prog/fitroomus-sosyal-medya/main/g/s-os-cocukelbise.jpg","","","","","","","","","","Çocuk elbisesi ürün fotoğrafı ve fitroomus yapay zeka manken görseli (Günlük casual)","","","","","","","","","","",false,"","","","","","","","","","","","","","STORY",false,"","","","","","","","","","","","STORY","","","","","","","","","","","","","","","","","","","","","","","","","","","","","","","","","",""
"Ferace fotoğrafını telefonla çektin mi? 📱

Stüdyo, manken, fotoğrafçı yok. Sadece telefonun ve 1 dakika.

👉 Ücretsiz dene: fitroomus.com

#ferace #tesettür #tesettürgiyim #eticaret #butik #instagrambutik #trendyolsatıcı #ürünfotoğrafı #mankençekimi #yapayzeka #fitroomus","2026-10-21","10:00:00",false,true,false,false,false,true,false,false,false,false,false,"https://raw.githubusercontent.com/iletisim-prog/fitroomus-sosyal-medya/main/g/f-hero-ferace.jpg","","","","","","","","","","Ferace ürün fotoğrafı ve fitroomus yapay zeka manken görseli (Tesettür modu)","","","","","","","","","","",false,"","","","","","","","","","","","","","POST",false,"","","","","","","","","","","","POST","","","","","","","","","","","","","","","","","","","","","","","","","","","","","","","","","",""
"Nişan elbisesi · fitroomus ile 1 dakikada ✨ fitroomus.com","2026-10-21","12:00:00",false,true,false,false,false,true,false,false,false,false,false,"https://raw.githubusercontent.com/iletisim-prog/fitroomus-sosyal-medya/main/g/s-os-nisan.jpg","","","","","","","","","","Nişan elbisesi ürün fotoğrafı ve fitroomus yapay zeka manken görseli (Davet şıklığı)","","","","","","","","","","",false,"","","","","","","","","","","","","","STORY",false,"","","","","","","","","","","","STORY","","","","","","","","","","","","","","","","","","","","","","","","","","","","","","","","","",""
"Çocuk eşofmanı satıyorsan bunu kaydet. 📌

Spor modu ile ürünün doğru sahnede, doğru stilde görünür.

👉 Kendi ürününle dene, ilk 2 paket bizden.

#çocukeşofman #çocukgiyim #okul #eticarettürkiye #butikgiyim #onlinesatış #ürünçekimi #yapayzekafotoğraf #kadıngiyim #fitroomus","2026-10-21","13:30:00",false,true,false,false,false,true,false,false,false,false,false,"https://raw.githubusercontent.com/iletisim-prog/fitroomus-sosyal-medya/main/g/f-os-cocukesofman-2.jpg","","","","","","","","","","Çocuk eşofmanı ürün fotoğrafı ve fitroomus yapay zeka manken görseli (Spor modu)","","","","","","","","","","",false,"","","","","","","","","","","","","","POST",false,"","","","","","","","","","","","POST","","","","","","","","","","","","","","","","","","","","","","","","","","","","","","","","","",""
"Triko elbise · fitroomus ile 1 dakikada ✨ fitroomus.com","2026-10-21","15:30:00",false,true,false,false,false,true,false,false,false,false,false,"https://raw.githubusercontent.com/iletisim-prog/fitroomus-sosyal-medya/main/g/s-os-kahve.jpg","","","","","","","","","","Triko elbise ürün fotoğrafı ve fitroomus yapay zeka manken görseli (Günlük casual)","","","","","","","","","","",false,"","","","","","","","","","","","","","STORY",false,"","","","","","","","","","","","STORY","","","","","","","","","","","","","","","","","","","","","","","","","","","","","","","","","",""
"Çekim günü beklemeden keten gömlek görselin hazır. ⏱️

Trendyol, Instagram ve web siten için hazır, yüksek çözünürlüklü görseller.

👉 Kredi kartı gerekmez. fitroomus.com

#ketengömlek #keten #yazmodası #butiksahibi #girişimci #eticaretipuçları #ürüngörseli #aimodel #modatasarım #fitroomus","2026-10-21","17:30:00",false,true,false,false,false,true,false,false,false,false,false,"https://raw.githubusercontent.com/iletisim-prog/fitroomus-sosyal-medya/main/g/f-hero-keten.jpg","","","","","","","","","","Keten gömlek ürün fotoğrafı ve fitroomus yapay zeka manken görseli (Plaj/yaz stili)","","","","","","","","","","",false,"","","","","","","","","","","","","","POST",false,"","","","","","","","","","","","POST","","","","","","","","","","","","","","","","","","","","","","","","","","","","","","","","","",""
"Ferace · fitroomus ile 1 dakikada ✨ fitroomus.com","2026-10-21","19:00:00",false,true,false,false,false,true,false,false,false,false,false,"https://raw.githubusercontent.com/iletisim-prog/fitroomus-sosyal-medya/main/g/s-ilk-S1-askidan-mankene.jpg","","","","","","","","","","Ferace ürün fotoğrafı ve fitroomus yapay zeka manken görseli (Tesettür modu)","","","","","","","","","","",false,"","","","","","","","","","","","","","STORY",false,"","","","","","","","","","","","STORY","","","","","","","","","","","","","","","","","","","","","","","","","","","","","","","","","",""
"Bu triko kazak mağazada askıda duruyordu. 👀

fitroomus yapay zekası ürünü mankene giydiriyor: renk, kumaş ve kalıp aynen korunuyor.

👉 Yeni üyelere 2 paket ücretsiz — link profilde.

#triko #kazak #örgükazak #eticaret #butik #instagrambutik #trendyolsatıcı #ürünfotoğrafı #mankençekimi #yapayzeka #fitroomus","2026-10-21","20:30:00",false,true,false,false,false,true,false,false,false,false,false,"https://raw.githubusercontent.com/iletisim-prog/fitroomus-sosyal-medya/main/g/f-os-triko-1.jpg","","","","","","","","","","Triko kazak ürün fotoğrafı ve fitroomus yapay zeka manken görseli (Günlük casual)","","","","","","","","","","",false,"","","","","","","","","","","","","","POST",false,"","","","","","","","","","","","POST","","","","","","","","","","","","","","","","","","","","","","","","","","","","","","","","","",""
"Ürün fotoğrafını gün ışığında çek. · fitroomus.com","2026-10-21","21:30:00",false,true,false,false,false,true,false,false,false,false,false,"https://raw.githubusercontent.com/iletisim-prog/fitroomus-sosyal-medya/main/g/s-ipucu-04.jpg","","","","","","","","","","fitroomus satış ipucu #4: Ürün fotoğrafını gün ışığında çek.","","","","","","","","","","",false,"","","","","","","","","","","","","","STORY",false,"","","","","","","","","","","","STORY","","","","","","","","","","","","","","","","","","","","","","","","","","","","","","","","","",""
"Kot ceket · fitroomus ile 1 dakikada ✨ fitroomus.com","2026-10-21","22:30:00",false,true,false,false,false,true,false,false,false,false,false,"https://raw.githubusercontent.com/iletisim-prog/fitroomus-sosyal-medya/main/g/s-hero-jeanceket.jpg","","","","","","","","","","Kot ceket ürün fotoğrafı ve fitroomus yapay zeka manken görseli (Sokak stili)","","","","","","","","","","",false,"","","","","","","","","","","","","","STORY",false,"","","","","","","","","","","","STORY","","","","","","","","","","","","","","","","","","","","","","","","","","","","","","","","","",""
"Baskılı tişört · fitroomus ile 1 dakikada ✨ fitroomus.com","2026-10-22","08:30:00",false,true,false,false,false,true,false,false,false,false,false,"https://raw.githubusercontent.com/iletisim-prog/fitroomus-sosyal-medya/main/g/s-os-tisort.jpg","","","","","","","","","","Baskılı tişört ürün fotoğrafı ve fitroomus yapay zeka manken görseli (Sokak stili)","","","","","","","","","","",false,"","","","","","","","","","","","","","STORY",false,"","","","","","","","","","","","STORY","","","","","","","","","","","","","","","","","","","","","","","","","","","","","","","","","",""
"Kot ceket için stüdyo kiralamana gerek yok. ✨

Tek fotoğraftan aynı mankenle 4 poz: önden, yarı dönük, yakın plan ve yürürken.

👉 Ücretsiz dene: fitroomus.com

#kotceket #denim #sokakstili #eticarettürkiye #butikgiyim #onlinesatış #ürünçekimi #yapayzekafotoğraf #kadıngiyim #fitroomus","2026-10-22","10:00:00",false,true,false,false,false,true,false,false,false,false,false,"https://raw.githubusercontent.com/iletisim-prog/fitroomus-sosyal-medya/main/g/f-os-jeanceket-1.jpg","","","","","","","","","","Kot ceket ürün fotoğrafı ve fitroomus yapay zeka manken görseli (Sokak stili)","","","","","","","","","","",false,"","","","","","","","","","","","","","POST",false,"","","","","","","","","","","","POST","","","","","","","","","","","","","","","","","","","","","","","","","","","","","","","","","",""
"Nişan elbisesi · fitroomus ile 1 dakikada ✨ fitroomus.com","2026-10-22","12:00:00",false,true,false,false,false,true,false,false,false,false,false,"https://raw.githubusercontent.com/iletisim-prog/fitroomus-sosyal-medya/main/g/s-hero-nisan.jpg","","","","","","","","","","Nişan elbisesi ürün fotoğrafı ve fitroomus yapay zeka manken görseli (Davet şıklığı)","","","","","","","","","","",false,"","","","","","","","","","","","","","STORY",false,"","","","","","","","","","","","STORY","","","","","","","","","","","","","","","","","","","","","","","","","","","","","","","","","",""
"Önce / sonra: çiçekli elbise 👇

Stüdyo, manken, fotoğrafçı yok. Sadece telefonun ve 1 dakika.

👉 Kendi ürününle dene, ilk 2 paket bizden.

#çiçeklielbise #kruvazelbise #ilkbahar #butiksahibi #girişimci #eticaretipuçları #ürüngörseli #aimodel #modatasarım #fitroomus","2026-10-22","13:30:00",false,true,false,false,false,true,false,false,false,false,false,"https://raw.githubusercontent.com/iletisim-prog/fitroomus-sosyal-medya/main/g/f-os-elbisecicek-1.jpg","","","","","","","","","","Çiçekli elbise ürün fotoğrafı ve fitroomus yapay zeka manken görseli (Günlük casual)","","","","","","","","","","",false,"","","","","","","","","","","","","","POST",false,"","","","","","","","","","","","POST","","","","","","","","","","","","","","","","","","","","","","","","","","","","","","","","","",""
"Telefon fotoğrafı yeter. · fitroomus.com","2026-10-22","15:30:00",false,true,false,false,false,true,false,false,false,false,false,"https://raw.githubusercontent.com/iletisim-prog/fitroomus-sosyal-medya/main/g/s-ipucu-13.jpg","","","","","","","","","","fitroomus biliyor muydun?: Telefon fotoğrafı yeter.","","","","","","","","","","",false,"","","","","","","","","","","","","","STORY",false,"","","","","","","","","","","","STORY","","","","","","","","","","","","","","","","","","","","","","","","","","","","","","","","","",""
"Polar ceket fotoğrafını telefonla çektin mi? 📱

Kışlık outdoor ile ürünün doğru sahnede, doğru stilde görünür.

👉 Kredi kartı gerekmez. fitroomus.com

#polar #outdoor #kampkıyafeti #eticaret #butik #instagrambutik #trendyolsatıcı #ürünfotoğrafı #mankençekimi #yapayzeka #fitroomus","2026-10-22","17:30:00",false,true,false,false,false,true,false,false,false,false,false,"https://raw.githubusercontent.com/iletisim-prog/fitroomus-sosyal-medya/main/g/f-os-polar-2.jpg","","","","","","","","","","Polar ceket ürün fotoğrafı ve fitroomus yapay zeka manken görseli (Kışlık outdoor)","","","","","","","","","","",false,"","","","","","","","","","","","","","POST",false,"","","","","","","","","","","","POST","","","","","","","","","","","","","","","","","","","","","","","","","","","","","","","","","",""
"Kuşaklı elbise · fitroomus ile 1 dakikada ✨ fitroomus.com","2026-10-22","19:00:00",false,true,false,false,false,true,false,false,false,false,false,"https://raw.githubusercontent.com/iletisim-prog/fitroomus-sosyal-medya/main/g/s-os-gri.jpg","","","","","","","","","","Kuşaklı elbise ürün fotoğrafı ve fitroomus yapay zeka manken görseli (Minimal stüdyo)","","","","","","","","","","",false,"","","","","","","","","","","","","","STORY",false,"","","","","","","","","","","","STORY","","","","","","","","","","","","","","","","","","","","","","","","","","","","","","","","","",""
"Çocuk eşofmanı satıyorsan bunu kaydet. 📌

Trendyol, Instagram ve web siten için hazır, yüksek çözünürlüklü görseller.

👉 Yeni üyelere 2 paket ücretsiz — link profilde.

#çocukeşofman #çocukgiyim #okul #eticarettürkiye #butikgiyim #onlinesatış #ürünçekimi #yapayzekafotoğraf #kadıngiyim #fitroomus","2026-10-22","20:30:00",false,true,false,false,false,true,false,false,false,false,false,"https://raw.githubusercontent.com/iletisim-prog/fitroomus-sosyal-medya/main/g/f-os-cocukesofman-1.jpg","","","","","","","","","","Çocuk eşofmanı ürün fotoğrafı ve fitroomus yapay zeka manken görseli (Spor modu)","","","","","","","","","","",false,"","","","","","","","","","","","","","POST",false,"","","","","","","","","","","","POST","","","","","","","","","","","","","","","","","","","","","","","","","","","","","","","","","",""
"Blazer ceket · fitroomus ile 1 dakikada ✨ fitroomus.com","2026-10-22","21:30:00",false,true,false,false,false,true,false,false,false,false,false,"https://raw.githubusercontent.com/iletisim-prog/fitroomus-sosyal-medya/main/g/s-os-blazer.jpg","","","","","","","","","","Blazer ceket ürün fotoğrafı ve fitroomus yapay zeka manken görseli (Sokak stili)","","","","","","","","","","",false,"","","","","","","","","","","","","","STORY",false,"","","","","","","","","","","","STORY","","","","","","","","","","","","","","","","","","","","","","","","","","","","","","","","","",""
"Trençkot · fitroomus ile 1 dakikada ✨ fitroomus.com","2026-10-22","22:30:00",false,true,false,false,false,true,false,false,false,false,false,"https://raw.githubusercontent.com/iletisim-prog/fitroomus-sosyal-medya/main/g/s-os-trenc.jpg","","","","","","","","","","Trençkot ürün fotoğrafı ve fitroomus yapay zeka manken görseli (Sokak stili)","","","","","","","","","","",false,"","","","","","","","","","","","","","STORY",false,"","","","","","","","","","","","STORY","","","","","","","","","","","","","","","","","","","","","","","","","","","","","","","","","",""
"Gelinlik · fitroomus ile 1 dakikada ✨ fitroomus.com","2026-10-23","08:30:00",false,true,false,false,false,true,false,false,false,false,false,"https://raw.githubusercontent.com/iletisim-prog/fitroomus-sosyal-medya/main/g/s-hero-gelinlik.jpg","","","","","","","","","","Gelinlik ürün fotoğrafı ve fitroomus yapay zeka manken görseli (Gelinlik/Abiye modu)","","","","","","","","","","",false,"","","","","","","","","","","","","","STORY",false,"","","","","","","","","","","","STORY","","","","","","","","","","","","","","","","","","","","","","","","","","","","","","","","","",""
"Çekim günü beklemeden çiçekli elbise görselin hazır. ⏱️

fitroomus yapay zekası ürünü mankene giydiriyor: renk, kumaş ve kalıp aynen korunuyor.

👉 Ücretsiz dene: fitroomus.com

#çiçeklielbise #kruvazelbise #ilkbahar #butiksahibi #girişimci #eticaretipuçları #ürüngörseli #aimodel #modatasarım #fitroomus","2026-10-23","10:00:00",false,true,false,false,false,true,false,false,false,false,false,"https://raw.githubusercontent.com/iletisim-prog/fitroomus-sosyal-medya/main/g/f-hero-elbisecicek.jpg","","","","","","","","","","Çiçekli elbise ürün fotoğrafı ve fitroomus yapay zeka manken görseli (Günlük casual)","","","","","","","","","","",false,"","","","","","","","","","","","","","POST",false,"","","","","","","","","","","","POST","","","","","","","","","","","","","","","","","","","","","","","","","","","","","","","","","",""
"Çocuk elbisesi · fitroomus ile 1 dakikada ✨ fitroomus.com","2026-10-23","12:00:00",false,true,false,false,false,true,false,false,false,false,false,"https://raw.githubusercontent.com/iletisim-prog/fitroomus-sosyal-medya/main/g/s-hero-cocukelbise.jpg","","","","","","","","","","Çocuk elbisesi ürün fotoğrafı ve fitroomus yapay zeka manken görseli (Günlük casual)","","","","","","","","","","",false,"","","","","","","","","","","","","","STORY",false,"","","","","","","","","","","","STORY","","","","","","","","","","","","","","","","","","","","","","","","","","","","","","","","","",""
"Bu çocuk elbisesi mağazada askıda duruyordu. 👀

Tek fotoğraftan aynı mankenle 4 poz: önden, yarı dönük, yakın plan ve yürürken.

👉 Kendi ürününle dene, ilk 2 paket bizden.

#çocukgiyim #kızçocukelbise #çocukmodası #eticaret #butik #instagrambutik #trendyolsatıcı #ürünfotoğrafı #mankençekimi #yapayzeka #fitroomus","2026-10-23","13:30:00",false,true,false,false,false,true,false,false,false,false,false,"https://raw.githubusercontent.com/iletisim-prog/fitroomus-sosyal-medya/main/g/f-os-cocukelbise-2.jpg","","","","","","","","","","Çocuk elbisesi ürün fotoğrafı ve fitroomus yapay zeka manken görseli (Günlük casual)","","","","","","","","","","",false,"","","","","","","","","","","","","","POST",false,"","","","","","","","","","","","POST","","","","","","","","","","","","","","","","","","","","","","","","","","","","","","","","","",""
"Erkek takım elbise · fitroomus ile 1 dakikada ✨ fitroomus.com","2026-10-23","15:30:00",false,true,false,false,false,true,false,false,false,false,false,"https://raw.githubusercontent.com/iletisim-prog/fitroomus-sosyal-medya/main/g/s-hero-erkektakim.jpg","","","","","","","","","","Erkek takım elbise ürün fotoğrafı ve fitroomus yapay zeka manken görseli (Lüks editorial)","","","","","","","","","","",false,"","","","","","","","","","","","","","STORY",false,"","","","","","","","","","","","STORY","","","","","","","","","","","","","","","","","","","","","","","","","","","","","","","","","",""
"Polar ceket için stüdyo kiralamana gerek yok. ✨

Stüdyo, manken, fotoğrafçı yok. Sadece telefonun ve 1 dakika.

👉 Kredi kartı gerekmez. fitroomus.com

#polar #outdoor #kampkıyafeti #eticarettürkiye #butikgiyim #onlinesatış #ürünçekimi #yapayzekafotoğraf #kadıngiyim #fitroomus","2026-10-23","17:30:00",false,true,false,false,false,true,false,false,false,false,false,"https://raw.githubusercontent.com/iletisim-prog/fitroomus-sosyal-medya/main/g/f-hero-polar.jpg","","","","","","","","","","Polar ceket ürün fotoğrafı ve fitroomus yapay zeka manken görseli (Kışlık outdoor)","","","","","","","","","","",false,"","","","","","","","","","","","","","POST",false,"","","","","","","","","","","","POST","","","","","","","","","","","","","","","","","","","","","","","","","","","","","","","","","",""
"Blazer ceket · fitroomus ile 1 dakikada ✨ fitroomus.com","2026-10-23","19:00:00",false,true,false,false,false,true,false,false,false,false,false,"https://raw.githubusercontent.com/iletisim-prog/fitroomus-sosyal-medya/main/g/s-hero-blazer.jpg","","","","","","","","","","Blazer ceket ürün fotoğrafı ve fitroomus yapay zeka manken görseli (Sokak stili)","","","","","","","","","","",false,"","","","","","","","","","","","","","STORY",false,"","","","","","","","","","","","STORY","","","","","","","","","","","","","","","","","","","","","","","","","","","","","","","","","",""
"Satış ipucu #5: Hikâyelerde 9:16 dikey görsel kullan. 💡

fitroomus paketinde yürüyüş pozu zaten dikey gelir.

👉 Kredi kartı gerekmez. fitroomus.com

#butiksahibi #girişimci #eticaretipuçları #ürüngörseli #aimodel #modatasarım #fitroomus","2026-10-23","20:30:00",false,true,false,false,false,true,false,false,false,false,false,"https://raw.githubusercontent.com/iletisim-prog/fitroomus-sosyal-medya/main/g/f-ipucu-05.jpg","","","","","","","","","","fitroomus satış ipucu #5: Hikâyelerde 9:16 dikey görsel kullan.","","","","","","","","","","",false,"","","","","","","","","","","","","","POST",false,"","","","","","","","","","","","POST","","","","","","","","","","","","","","","","","","","","","","","","","","","","","","","","","",""
"Çiçekli elbise · fitroomus ile 1 dakikada ✨ fitroomus.com","2026-10-23","21:30:00",false,true,false,false,false,true,false,false,false,false,false,"https://raw.githubusercontent.com/iletisim-prog/fitroomus-sosyal-medya/main/g/s-os-elbisecicek.jpg","","","","","","","","","","Çiçekli elbise ürün fotoğrafı ve fitroomus yapay zeka manken görseli (Günlük casual)","","","","","","","","","","",false,"","","","","","","","","","","","","","STORY",false,"","","","","","","","","","","","STORY","","","","","","","","","","","","","","","","","","","","","","","","","","","","","","","","","",""
"Abaya · fitroomus ile 1 dakikada ✨ fitroomus.com","2026-10-23","22:30:00",false,true,false,false,false,true,false,false,false,false,false,"https://raw.githubusercontent.com/iletisim-prog/fitroomus-sosyal-medya/main/g/s-os-abaya.jpg","","","","","","","","","","Abaya ürün fotoğrafı ve fitroomus yapay zeka manken görseli (Lüks editorial)","","","","","","","","","","",false,"","","","","","","","","","","","","","STORY",false,"","","","","","","","","","","","STORY","","","","","","","","","","","","","","","","","","","","","","","","","","","","","","","","","",""
"Triko kazak · fitroomus ile 1 dakikada ✨ fitroomus.com","2026-10-24","08:30:00",false,true,false,false,false,true,false,false,false,false,false,"https://raw.githubusercontent.com/iletisim-prog/fitroomus-sosyal-medya/main/g/s-os-triko.jpg","","","","","","","","","","Triko kazak ürün fotoğrafı ve fitroomus yapay zeka manken görseli (Günlük casual)","","","","","","","","","","",false,"","","","","","","","","","","","","","STORY",false,"","","","","","","","","","","","STORY","","","","","","","","","","","","","","","","","","","","","","","","","","","","","","","","","",""
"Bol paça jean fotoğrafını telefonla çektin mi? 📱

Trendyol, Instagram ve web siten için hazır, yüksek çözünürlüklü görseller.

👉 Ücretsiz dene: fitroomus.com

#jean #kotpantolon #bolpaça #eticaret #butik #instagrambutik #trendyolsatıcı #ürünfotoğrafı #mankençekimi #yapayzeka #fitroomus","2026-10-24","10:00:00",false,true,false,false,false,true,false,false,false,false,false,"https://raw.githubusercontent.com/iletisim-prog/fitroomus-sosyal-medya/main/g/f-os-kot-2.jpg","","","","","","","","","","Bol paça jean ürün fotoğrafı ve fitroomus yapay zeka manken görseli (Minimal stüdyo)","","","","","","","","","","",false,"","","","","","","","","","","","","","POST",false,"","","","","","","","","","","","POST","","","","","","","","","","","","","","","","","","","","","","","","","","","","","","","","","",""
"Ferace · fitroomus ile 1 dakikada ✨ fitroomus.com","2026-10-24","12:00:00",false,true,false,false,false,true,false,false,false,false,false,"https://raw.githubusercontent.com/iletisim-prog/fitroomus-sosyal-medya/main/g/s-os-ferace.jpg","","","","","","","","","","Ferace ürün fotoğrafı ve fitroomus yapay zeka manken görseli (Tesettür modu)","","","","","","","","","","",false,"","","","","","","","","","","","","","STORY",false,"","","","","","","","","","","","STORY","","","","","","","","","","","","","","","","","","","","","","","","","","","","","","","","","",""
"Kadın takım satıyorsan bunu kaydet. 📌

fitroomus yapay zekası ürünü mankene giydiriyor: renk, kumaş ve kalıp aynen korunuyor.

👉 Kendi ürününle dene, ilk 2 paket bizden.

#takımelbise #kadıntakım #ofisşıklığı #eticarettürkiye #butikgiyim #onlinesatış #ürünçekimi #yapayzekafotoğraf #kadıngiyim #fitroomus","2026-10-24","13:30:00",false,true,false,false,false,true,false,false,false,false,false,"https://raw.githubusercontent.com/iletisim-prog/fitroomus-sosyal-medya/main/g/f-os-takim-1.jpg","","","","","","","","","","Kadın takım ürün fotoğrafı ve fitroomus yapay zeka manken görseli (Ofis modu)","","","","","","","","","","",false,"","","","","","","","","","","","","","POST",false,"","","","","","","","","","","","POST","","","","","","","","","","","","","","","","","","","","","","","","","","","","","","","","","",""
"Kadın takım · fitroomus ile 1 dakikada ✨ fitroomus.com","2026-10-24","15:30:00",false,true,false,false,false,true,false,false,false,false,false,"https://raw.githubusercontent.com/iletisim-prog/fitroomus-sosyal-medya/main/g/s-hero-takim.jpg","","","","","","","","","","Kadın takım ürün fotoğrafı ve fitroomus yapay zeka manken görseli (Ofis modu)","","","","","","","","","","",false,"","","","","","","","","","","","","","STORY",false,"","","","","","","","","","","","STORY","","","","","","","","","","","","","","","","","","","","","","","","","","","","","","","","","",""
"Çekim günü beklemeden pardesü görselin hazır. ⏱️

Tek fotoğraftan aynı mankenle 4 poz: önden, yarı dönük, yakın plan ve yürürken.

👉 Kredi kartı gerekmez. fitroomus.com

#pardesü #tesettürpardesü #sonbahar #butiksahibi #girişimci #eticaretipuçları #ürüngörseli #aimodel #modatasarım #fitroomus","2026-10-24","17:30:00",false,true,false,false,false,true,false,false,false,false,false,"https://raw.githubusercontent.com/iletisim-prog/fitroomus-sosyal-medya/main/g/f-os-pardesu-1.jpg","","","","","","","","","","Pardesü ürün fotoğrafı ve fitroomus yapay zeka manken görseli (Tesettür modu)","","","","","","","","","","",false,"","","","","","","","","","","","","","POST",false,"","","","","","","","","","","","POST","","","","","","","","","","","","","","","","","","","","","","","","","","","","","","","","","",""
"Yakın plan kumaşı satar. · fitroomus.com","2026-10-24","19:00:00",false,true,false,false,false,true,false,false,false,false,false,"https://raw.githubusercontent.com/iletisim-prog/fitroomus-sosyal-medya/main/g/s-ipucu-09.jpg","","","","","","","","","","fitroomus satış ipucu #9: Yakın plan kumaşı satar.","","","","","","","","","","",false,"","","","","","","","","","","","","","STORY",false,"","","","","","","","","","","","STORY","","","","","","","","","","","","","","","","","","","","","","","","","","","","","","","","","",""
"Bu çocuk eşofmanı mağazada askıda duruyordu. 👀

Stüdyo, manken, fotoğrafçı yok. Sadece telefonun ve 1 dakika.

👉 Yeni üyelere 2 paket ücretsiz — link profilde.

#çocukeşofman #çocukgiyim #okul #eticaret #butik #instagrambutik #trendyolsatıcı #ürünfotoğrafı #mankençekimi #yapayzeka #fitroomus","2026-10-24","20:30:00",false,true,false,false,false,true,false,false,false,false,false,"https://raw.githubusercontent.com/iletisim-prog/fitroomus-sosyal-medya/main/g/f-hero-cocukesofman.jpg","","","","","","","","","","Çocuk eşofmanı ürün fotoğrafı ve fitroomus yapay zeka manken görseli (Spor modu)","","","","","","","","","","",false,"","","","","","","","","","","","","","POST",false,"","","","","","","","","","","","POST","","","","","","","","","","","","","","","","","","","","","","","","","","","","","","","","","",""
"Eşofman takımı · fitroomus ile 1 dakikada ✨ fitroomus.com","2026-10-24","21:30:00",false,true,false,false,false,true,false,false,false,false,false,"https://raw.githubusercontent.com/iletisim-prog/fitroomus-sosyal-medya/main/g/s-os-esofman.jpg","","","","","","","","","","Eşofman takımı ürün fotoğrafı ve fitroomus yapay zeka manken görseli (Spor modu)","","","","","","","","","","",false,"","","","","","","","","","","","","","STORY",false,"","","","","","","","","","","","STORY","","","","","","","","","","","","","","","","","","","","","","","","","","","","","","","","","",""
"Baskılı tişört · fitroomus ile 1 dakikada ✨ fitroomus.com","2026-10-24","22:30:00",false,true,false,false,false,true,false,false,false,false,false,"https://raw.githubusercontent.com/iletisim-prog/fitroomus-sosyal-medya/main/g/s-hero-tisort.jpg","","","","","","","","","","Baskılı tişört ürün fotoğrafı ve fitroomus yapay zeka manken görseli (Sokak stili)","","","","","","","","","","",false,"","","","","","","","","","","","","","STORY",false,"","","","","","","","","","","","STORY","","","","","","","","","","","","","","","","","","","","","","","","","","","","","","","","","",""
"Bol paça jean · fitroomus ile 1 dakikada ✨ fitroomus.com","2026-10-25","08:30:00",false,true,false,false,false,true,false,false,false,false,false,"https://raw.githubusercontent.com/iletisim-prog/fitroomus-sosyal-medya/main/g/s-hero-kot.jpg","","","","","","","","","","Bol paça jean ürün fotoğrafı ve fitroomus yapay zeka manken görseli (Minimal stüdyo)","","","","","","","","","","",false,"","","","","","","","","","","","","","STORY",false,"","","","","","","","","","","","STORY","","","","","","","","","","","","","","","","","","","","","","","","","","","","","","","","","",""
"Uzun şişme mont için stüdyo kiralamana gerek yok. ✨

Kışlık outdoor ile ürünün doğru sahnede, doğru stilde görünür.

👉 Ücretsiz dene: fitroomus.com

#şişmemont #tesettürmont #kış #eticarettürkiye #butikgiyim #onlinesatış #ürünçekimi #yapayzekafotoğraf #kadıngiyim #fitroomus","2026-10-25","10:00:00",false,true,false,false,false,true,false,false,false,false,false,"https://raw.githubusercontent.com/iletisim-prog/fitroomus-sosyal-medya/main/g/f-os-sisme-2.jpg","","","","","","","","","","Uzun şişme mont ürün fotoğrafı ve fitroomus yapay zeka manken görseli (Kışlık outdoor)","","","","","","","","","","",false,"","","","","","","","","","","","","","POST",false,"","","","","","","","","","","","POST","","","","","","","","","","","","","","","","","","","","","","","","","","","","","","","","","",""
"Saten pijama · fitroomus ile 1 dakikada ✨ fitroomus.com","2026-10-25","12:00:00",false,true,false,false,false,true,false,false,false,false,false,"https://raw.githubusercontent.com/iletisim-prog/fitroomus-sosyal-medya/main/g/s-hero-pijama.jpg","","","","","","","","","","Saten pijama ürün fotoğrafı ve fitroomus yapay zeka manken görseli (Ev/rahat giyim)","","","","","","","","","","",false,"","","","","","","","","","","","","","STORY",false,"","","","","","","","","","","","STORY","","","","","","","","","","","","","","","","","","","","","","","","","","","","","","","","","",""
"Önce / sonra: saten pijama 👇

Trendyol, Instagram ve web siten için hazır, yüksek çözünürlüklü görseller.

👉 Kendi ürününle dene, ilk 2 paket bizden.

#pijama #pijamatakımı #evgiyimi #butiksahibi #girişimci #eticaretipuçları #ürüngörseli #aimodel #modatasarım #fitroomus","2026-10-25","13:30:00",false,true,false,false,false,true,false,false,false,false,false,"https://raw.githubusercontent.com/iletisim-prog/fitroomus-sosyal-medya/main/g/f-hero-pijama.jpg","","","","","","","","","","Saten pijama ürün fotoğrafı ve fitroomus yapay zeka manken görseli (Ev/rahat giyim)","","","","","","","","","","",false,"","","","","","","","","","","","","","POST",false,"","","","","","","","","","","","POST","","","","","","","","","","","","","","","","","","","","","","","","","","","","","","","","","",""
"Triko elbise · fitroomus ile 1 dakikada ✨ fitroomus.com","2026-10-25","15:30:00",false,true,false,false,false,true,false,false,false,false,false,"https://raw.githubusercontent.com/iletisim-prog/fitroomus-sosyal-medya/main/g/s-hero-kahve.jpg","","","","","","","","","","Triko elbise ürün fotoğrafı ve fitroomus yapay zeka manken görseli (Günlük casual)","","","","","","","","","","",false,"","","","","","","","","","","","","","STORY",false,"","","","","","","","","","","","STORY","","","","","","","","","","","","","","","","","","","","","","","","","","","","","","","","","",""
"Kaftan fotoğrafını telefonla çektin mi? 📱

fitroomus yapay zekası ürünü mankene giydiriyor: renk, kumaş ve kalıp aynen korunuyor.

👉 Kredi kartı gerekmez. fitroomus.com

#kaftan #tatilmodası #resortwear #eticaret #butik #instagrambutik #trendyolsatıcı #ürünfotoğrafı #mankençekimi #yapayzeka #fitroomus","2026-10-25","17:30:00",false,true,false,false,false,true,false,false,false,false,false,"https://raw.githubusercontent.com/iletisim-prog/fitroomus-sosyal-medya/main/g/f-os-kaftan-2.jpg","","","","","","","","","","Kaftan ürün fotoğrafı ve fitroomus yapay zeka manken görseli (Lüks editorial)","","","","","","","","","","",false,"","","","","","","","","","","","","","POST",false,"","","","","","","","","","","","POST","","","","","","","","","","","","","","","","","","","","","","","","","","","","","","","","","",""
"Desenli gömlek · fitroomus ile 1 dakikada ✨ fitroomus.com","2026-10-25","19:00:00",false,true,false,false,false,true,false,false,false,false,false,"https://raw.githubusercontent.com/iletisim-prog/fitroomus-sosyal-medya/main/g/s-hero-gomlek.jpg","","","","","","","","","","Desenli gömlek ürün fotoğrafı ve fitroomus yapay zeka manken görseli (Sokak stili)","","","","","","","","","","",false,"","","","","","","","","","","","","","STORY",false,"","","","","","","","","","","","STORY","","","","","","","","","","","","","","","","","","","","","","","","","","","","","","","","","",""
"Saten bluz satıyorsan bunu kaydet. 📌

Tek fotoğraftan aynı mankenle 4 poz: önden, yarı dönük, yakın plan ve yürürken.

👉 Yeni üyelere 2 paket ücretsiz — link profilde.

#saten #satenbluz #akşamşıklığı #eticarettürkiye #butikgiyim #onlinesatış #ürünçekimi #yapayzekafotoğraf #kadıngiyim #fitroomus","2026-10-25","20:30:00",false,true,false,false,false,true,false,false,false,false,false,"https://raw.githubusercontent.com/iletisim-prog/fitroomus-sosyal-medya/main/g/f-os-saten-1.jpg","","","","","","","","","","Saten bluz ürün fotoğrafı ve fitroomus yapay zeka manken görseli (Davet şıklığı)","","","","","","","","","","",false,"","","","","","","","","","","","","","POST",false,"","","","","","","","","","","","POST","","","","","","","","","","","","","","","","","","","","","","","","","","","","","","","","","",""
"Kuşaklı elbise · fitroomus ile 1 dakikada ✨ fitroomus.com","2026-10-25","21:30:00",false,true,false,false,false,true,false,false,false,false,false,"https://raw.githubusercontent.com/iletisim-prog/fitroomus-sosyal-medya/main/g/s-hero-gri.jpg","","","","","","","","","","Kuşaklı elbise ürün fotoğrafı ve fitroomus yapay zeka manken görseli (Minimal stüdyo)","","","","","","","","","","",false,"","","","","","","","","","","","","","STORY",false,"","","","","","","","","","","","STORY","","","","","","","","","","","","","","","","","","","","","","","","","","","","","","","","","",""
"Kaban · fitroomus ile 1 dakikada ✨ fitroomus.com","2026-10-25","22:30:00",false,true,false,false,false,true,false,false,false,false,false,"https://raw.githubusercontent.com/iletisim-prog/fitroomus-sosyal-medya/main/g/s-hero-kaban.jpg","","","","","","","","","","Kaban ürün fotoğrafı ve fitroomus yapay zeka manken görseli (Tesettür modu)","","","","","","","","","","",false,"","","","","","","","","","","","","","STORY",false,"","","","","","","","","","","","STORY","","","","","","","","","","","","","","","","","","","","","","","","","","","","","","","","","",""
"Birden fazla ürün olan fotoğraf? · fitroomus.com","2026-10-26","08:30:00",false,true,false,false,false,true,false,false,false,false,false,"https://raw.githubusercontent.com/iletisim-prog/fitroomus-sosyal-medya/main/g/s-ipucu-19.jpg","","","","","","","","","","fitroomus soru-cevap: Birden fazla ürün olan fotoğraf?","","","","","","","","","","",false,"","","","","","","","","","","","","","STORY",false,"","","","","","","","","","","","STORY","","","","","","","","","","","","","","","","","","","","","","","","","","","","","","","","","",""
"Satış ipucu #8: Arka planı sade tut. 💡

Ücretsiz arka plan kaldırma aracımız kredi harcamaz.

👉 Yeni üyelere 2 paket ücretsiz — link profilde.

#butiksahibi #girişimci #eticaretipuçları #ürüngörseli #aimodel #modatasarım #fitroomus","2026-10-26","10:00:00",false,true,false,false,false,true,false,false,false,false,false,"https://raw.githubusercontent.com/iletisim-prog/fitroomus-sosyal-medya/main/g/f-ipucu-08.jpg","","","","","","","","","","fitroomus satış ipucu #8: Arka planı sade tut.","","","","","","","","","","",false,"","","","","","","","","","","","","","POST",false,"","","","","","","","","","","","POST","","","","","","","","","","","","","","","","","","","","","","","","","","","","","","","","","",""
"Tesettür abiye · fitroomus ile 1 dakikada ✨ fitroomus.com","2026-10-26","12:00:00",false,true,false,false,false,true,false,false,false,false,false,"https://raw.githubusercontent.com/iletisim-prog/fitroomus-sosyal-medya/main/g/s-hero-tesetturabiye.jpg","","","","","","","","","","Tesettür abiye ürün fotoğrafı ve fitroomus yapay zeka manken görseli (Gelinlik/Abiye modu)","","","","","","","","","","",false,"","","","","","","","","","","","","","STORY",false,"","","","","","","","","","","","STORY","","","","","","","","","","","","","","","","","","","","","","","","","","","","","","","","","",""
"Bu baskılı tişört mağazada askıda duruyordu. 👀

Sokak stili ile ürünün doğru sahnede, doğru stilde görünür.

👉 Kendi ürününle dene, ilk 2 paket bizden.

#tişört #baskılıtişört #streetwear #eticaret #butik #instagrambutik #trendyolsatıcı #ürünfotoğrafı #mankençekimi #yapayzeka #fitroomus","2026-10-26","13:30:00",false,true,false,false,false,true,false,false,false,false,false,"https://raw.githubusercontent.com/iletisim-prog/fitroomus-sosyal-medya/main/g/f-hero-tisort.jpg","","","","","","","","","","Baskılı tişört ürün fotoğrafı ve fitroomus yapay zeka manken görseli (Sokak stili)","","","","","","","","","","",false,"","","","","","","","","","","","","","POST",false,"","","","","","","","","","","","POST","","","","","","","","","","","","","","","","","","","","","","","","","","","","","","","","","",""
"Pliseli etek · fitroomus ile 1 dakikada ✨ fitroomus.com","2026-10-26","15:30:00",false,true,false,false,false,true,false,false,false,false,false,"https://raw.githubusercontent.com/iletisim-prog/fitroomus-sosyal-medya/main/g/s-hero-etek.jpg","","","","","","","","","","Pliseli etek ürün fotoğrafı ve fitroomus yapay zeka manken görseli (Ofis modu)","","","","","","","","","","",false,"","","","","","","","","","","","","","STORY",false,"","","","","","","","","","","","STORY","","","","","","","","","","","","","","","","","","","","","","","","","","","","","","","","","",""
"Saten bluz için stüdyo kiralamana gerek yok. ✨

Trendyol, Instagram ve web siten için hazır, yüksek çözünürlüklü görseller.

👉 Kredi kartı gerekmez. fitroomus.com

#saten #satenbluz #akşamşıklığı #eticarettürkiye #butikgiyim #onlinesatış #ürünçekimi #yapayzekafotoğraf #kadıngiyim #fitroomus","2026-10-26","17:30:00",false,true,false,false,false,true,false,false,false,false,false,"https://raw.githubusercontent.com/iletisim-prog/fitroomus-sosyal-medya/main/g/f-hero-saten.jpg","","","","","","","","","","Saten bluz ürün fotoğrafı ve fitroomus yapay zeka manken görseli (Davet şıklığı)","","","","","","","","","","",false,"","","","","","","","","","","","","","POST",false,"","","","","","","","","","","","POST","","","","","","","","","","","","","","","","","","","","","","","","","","","","","","","","","",""
"Mankenli görsel, düz fotoğraftan daha çok satar. · fitroomus.com","2026-10-26","19:00:00",false,true,false,false,false,true,false,false,false,false,false,"https://raw.githubusercontent.com/iletisim-prog/fitroomus-sosyal-medya/main/g/s-ipucu-02.jpg","","","","","","","","","","fitroomus satış ipucu #2: Mankenli görsel, düz fotoğraftan daha çok satar.","","","","","","","","","","",false,"","","","","","","","","","","","","","STORY",false,"","","","","","","","","","","","STORY","","","","","","","","","","","","","","","","","","","","","","","","","","","","","","","","","",""
"Önce / sonra: tesettür abiye 👇

fitroomus yapay zekası ürünü mankene giydiriyor: renk, kumaş ve kalıp aynen korunuyor.

👉 Yeni üyelere 2 paket ücretsiz — link profilde.

#tesettürabiye #abiye #düğün #butiksahibi #girişimci #eticaretipuçları #ürüngörseli #aimodel #modatasarım #fitroomus","2026-10-26","20:30:00",false,true,false,false,false,true,false,false,false,false,false,"https://raw.githubusercontent.com/iletisim-prog/fitroomus-sosyal-medya/main/g/f-os-tesetturabiye-2.jpg","","","","","","","","","","Tesettür abiye ürün fotoğrafı ve fitroomus yapay zeka manken görseli (Gelinlik/Abiye modu)","","","","","","","","","","",false,"","","","","","","","","","","","","","POST",false,"","","","","","","","","","","","POST","","","","","","","","","","","","","","","","","","","","","","","","","","","","","","","","","",""
"Sweatshirt · fitroomus ile 1 dakikada ✨ fitroomus.com","2026-10-26","21:30:00",false,true,false,false,false,true,false,false,false,false,false,"https://raw.githubusercontent.com/iletisim-prog/fitroomus-sosyal-medya/main/g/s-hero-sweat.jpg","","","","","","","","","","Sweatshirt ürün fotoğrafı ve fitroomus yapay zeka manken görseli (Günlük casual)","","","","","","","","","","",false,"","","","","","","","","","","","","","STORY",false,"","","","","","","","","","","","STORY","","","","","","","","","","","","","","","","","","","","","","","","","","","","","","","","","",""
"Saten bluz · fitroomus ile 1 dakikada ✨ fitroomus.com","2026-10-26","22:30:00",false,true,false,false,false,true,false,false,false,false,false,"https://raw.githubusercontent.com/iletisim-prog/fitroomus-sosyal-medya/main/g/s-hero-saten.jpg","","","","","","","","","","Saten bluz ürün fotoğrafı ve fitroomus yapay zeka manken görseli (Davet şıklığı)","","","","","","","","","","",false,"","","","","","","","","","","","","","STORY",false,"","","","","","","","","","","","STORY","","","","","","","","","","","","","","","","","","","","","","","","","","","","","","","","","",""
"Uzun şişme mont · fitroomus ile 1 dakikada ✨ fitroomus.com","2026-10-27","08:30:00",false,true,false,false,false,true,false,false,false,false,false,"https://raw.githubusercontent.com/iletisim-prog/fitroomus-sosyal-medya/main/g/s-hero-sisme.jpg","","","","","","","","","","Uzun şişme mont ürün fotoğrafı ve fitroomus yapay zeka manken görseli (Kışlık outdoor)","","","","","","","","","","",false,"","","","","","","","","","","","","","STORY",false,"","","","","","","","","","","","STORY","","","","","","","","","","","","","","","","","","","","","","","","","","","","","","","","","",""
"Soru-cevap: Kaç saniyede hazır? 💡

Genellikle 1 dakikadan kısa. 4 poz aynı anda üretilir.

👉 Yeni üyelere 2 paket ücretsiz — link profilde.

#eticaret #butik #instagrambutik #trendyolsatıcı #ürünfotoğrafı #mankençekimi #yapayzeka #fitroomus","2026-10-27","10:00:00",false,true,false,false,false,true,false,false,false,false,false,"https://raw.githubusercontent.com/iletisim-prog/fitroomus-sosyal-medya/main/g/f-ipucu-16.jpg","","","","","","","","","","fitroomus soru-cevap: Kaç saniyede hazır?","","","","","","","","","","",false,"","","","","","","","","","","","","","POST",false,"","","","","","","","","","","","POST","","","","","","","","","","","","","","","","","","","","","","","","","","","","","","","","","",""
"Kaftan · fitroomus ile 1 dakikada ✨ fitroomus.com","2026-10-27","12:00:00",false,true,false,false,false,true,false,false,false,false,false,"https://raw.githubusercontent.com/iletisim-prog/fitroomus-sosyal-medya/main/g/s-hero-kaftan.jpg","","","","","","","","","","Kaftan ürün fotoğrafı ve fitroomus yapay zeka manken görseli (Lüks editorial)","","","","","","","","","","",false,"","","","","","","","","","","","","","STORY",false,"","","","","","","","","","","","STORY","","","","","","","","","","","","","","","","","","","","","","","","","","","","","","","","","",""
"Kuşaklı elbise satıyorsan bunu kaydet. 📌

Stüdyo, manken, fotoğrafçı yok. Sadece telefonun ve 1 dakika.

👉 Kendi ürününle dene, ilk 2 paket bizden.

#elbise #midielbise #minimalstil #eticarettürkiye #butikgiyim #onlinesatış #ürünçekimi #yapayzekafotoğraf #kadıngiyim #fitroomus","2026-10-27","13:30:00",false,true,false,false,false,true,false,false,false,false,false,"https://raw.githubusercontent.com/iletisim-prog/fitroomus-sosyal-medya/main/g/f-hero-gri.jpg","","","","","","","","","","Kuşaklı elbise ürün fotoğrafı ve fitroomus yapay zeka manken görseli (Minimal stüdyo)","","","","","","","","","","",false,"","","","","","","","","","","","","","POST",false,"","","","","","","","","","","","POST","","","","","","","","","","","","","","","","","","","","","","","","","","","","","","","","","",""
"Bol paça jean · fitroomus ile 1 dakikada ✨ fitroomus.com","2026-10-27","15:30:00",false,true,false,false,false,true,false,false,false,false,false,"https://raw.githubusercontent.com/iletisim-prog/fitroomus-sosyal-medya/main/g/s-os-kot.jpg","","","","","","","","","","Bol paça jean ürün fotoğrafı ve fitroomus yapay zeka manken görseli (Minimal stüdyo)","","","","","","","","","","",false,"","","","","","","","","","","","","","STORY",false,"","","","","","","","","","","","STORY","","","","","","","","","","","","","","","","","","","","","","","","","","","","","","","","","",""
"Çekim günü beklemeden eşofman takımı görselin hazır. ⏱️

Spor modu ile ürünün doğru sahnede, doğru stilde görünür.

👉 Kredi kartı gerekmez. fitroomus.com

#eşofman #eşofmantakımı #athleisure #butiksahibi #girişimci #eticaretipuçları #ürüngörseli #aimodel #modatasarım #fitroomus","2026-10-27","17:30:00",false,true,false,false,false,true,false,false,false,false,false,"https://raw.githubusercontent.com/iletisim-prog/fitroomus-sosyal-medya/main/g/f-os-esofman-2.jpg","","","","","","","","","","Eşofman takımı ürün fotoğrafı ve fitroomus yapay zeka manken görseli (Spor modu)","","","","","","","","","","",false,"","","","","","","","","","","","","","POST",false,"","","","","","","","","","","","POST","","","","","","","","","","","","","","","","","","","","","","","","","","","","","","","","","",""
"Mobil uygulama var mı? · fitroomus.com","2026-10-27","19:00:00",false,true,false,false,false,true,false,false,false,false,false,"https://raw.githubusercontent.com/iletisim-prog/fitroomus-sosyal-medya/main/g/s-ipucu-18.jpg","","","","","","","","","","fitroomus soru-cevap: Mobil uygulama var mı?","","","","","","","","","","",false,"","","","","","","","","","","","","","STORY",false,"","","","","","","","","","","","STORY","","","","","","","","","","","","","","","","","","","","","","","","","","","","","","","","","",""
"Bu uzun hırka mağazada askıda duruyordu. 👀

Trendyol, Instagram ve web siten için hazır, yüksek çözünürlüklü görseller.

👉 Yeni üyelere 2 paket ücretsiz — link profilde.

#hırka #uzunhırka #tesettürkombin #eticaret #butik #instagrambutik #trendyolsatıcı #ürünfotoğrafı #mankençekimi #yapayzeka #fitroomus","2026-10-27","20:30:00",false,true,false,false,false,true,false,false,false,false,false,"https://raw.githubusercontent.com/iletisim-prog/fitroomus-sosyal-medya/main/g/f-hero-hirka.jpg","","","","","","","","","","Uzun hırka ürün fotoğrafı ve fitroomus yapay zeka manken görseli (Ev/rahat giyim)","","","","","","","","","","",false,"","","","","","","","","","","","","","POST",false,"","","","","","","","","","","","POST","","","","","","","","","","","","","","","","","","","","","","","","","","","","","","","","","",""
"Pardesü · fitroomus ile 1 dakikada ✨ fitroomus.com","2026-10-27","21:30:00",false,true,false,false,false,true,false,false,false,false,false,"https://raw.githubusercontent.com/iletisim-prog/fitroomus-sosyal-medya/main/g/s-hero-pardesu.jpg","","","","","","","","","","Pardesü ürün fotoğrafı ve fitroomus yapay zeka manken görseli (Tesettür modu)","","","","","","","","","","",false,"","","","","","","","","","","","","","STORY",false,"","","","","","","","","","","","STORY","","","","","","","","","","","","","","","","","","","","","","","","","","","","","","","","","",""
"Eşofman takımı · fitroomus ile 1 dakikada ✨ fitroomus.com","2026-10-27","22:30:00",false,true,false,false,false,true,false,false,false,false,false,"https://raw.githubusercontent.com/iletisim-prog/fitroomus-sosyal-medya/main/g/s-hero-esofman.jpg","","","","","","","","","","Eşofman takımı ürün fotoğrafı ve fitroomus yapay zeka manken görseli (Spor modu)","","","","","","","","","","",false,"","","","","","","","","","","","","","STORY",false,"","","","","","","","","","","","STORY","","","","","","","","","","","","","","","","","","","","","","","","","","","","","","","","","",""
"Tesettür ürünlerde doğru stil önemli. · fitroomus.com","2026-10-28","08:30:00",false,true,false,false,false,true,false,false,false,false,false,"https://raw.githubusercontent.com/iletisim-prog/fitroomus-sosyal-medya/main/g/s-ipucu-07.jpg","","","","","","","","","","fitroomus satış ipucu #7: Tesettür ürünlerde doğru stil önemli.","","","","","","","","","","",false,"","","","","","","","","","","","","","STORY",false,"","","","","","","","","","","","STORY","","","","","","","","","","","","","","","","","","","","","","","","","","","","","","","","","",""
"Triko elbise için stüdyo kiralamana gerek yok. ✨

fitroomus yapay zekası ürünü mankene giydiriyor: renk, kumaş ve kalıp aynen korunuyor.

👉 Ücretsiz dene: fitroomus.com

#trikoelbise #elbise #günlükstil #eticarettürkiye #butikgiyim #onlinesatış #ürünçekimi #yapayzekafotoğraf #kadıngiyim #fitroomus","2026-10-28","10:00:00",false,true,false,false,false,true,false,false,false,false,false,"https://raw.githubusercontent.com/iletisim-prog/fitroomus-sosyal-medya/main/g/f-hero-kahve.jpg","","","","","","","","","","Triko elbise ürün fotoğrafı ve fitroomus yapay zeka manken görseli (Günlük casual)","","","","","","","","","","",false,"","","","","","","","","","","","","","POST",false,"","","","","","","","","","","","POST","","","","","","","","","","","","","","","","","","","","","","","","","","","","","","","","","",""
"Kot ceket · fitroomus ile 1 dakikada ✨ fitroomus.com","2026-10-28","12:00:00",false,true,false,false,false,true,false,false,false,false,false,"https://raw.githubusercontent.com/iletisim-prog/fitroomus-sosyal-medya/main/g/s-os-jeanceket.jpg","","","","","","","","","","Kot ceket ürün fotoğrafı ve fitroomus yapay zeka manken görseli (Sokak stili)","","","","","","","","","","",false,"","","","","","","","","","","","","","STORY",false,"","","","","","","","","","","","STORY","","","","","","","","","","","","","","","","","","","","","","","","","","","","","","","","","",""
"Önce / sonra: nişan elbisesi 👇

Tek fotoğraftan aynı mankenle 4 poz: önden, yarı dönük, yakın plan ve yürürken.

👉 Kendi ürününle dene, ilk 2 paket bizden.

#nişanelbisesi #nişan #sözelbisesi #butiksahibi #girişimci #eticaretipuçları #ürüngörseli #aimodel #modatasarım #fitroomus","2026-10-28","13:30:00",false,true,false,false,false,true,false,false,false,false,false,"https://raw.githubusercontent.com/iletisim-prog/fitroomus-sosyal-medya/main/g/f-os-nisan-1.jpg","","","","","","","","","","Nişan elbisesi ürün fotoğrafı ve fitroomus yapay zeka manken görseli (Davet şıklığı)","","","","","","","","","","",false,"","","","","","","","","","","","","","POST",false,"","","","","","","","","","","","POST","","","","","","","","","","","","","","","","","","","","","","","","","","","","","","","","","",""
"Gelinlik · fitroomus ile 1 dakikada ✨ fitroomus.com","2026-10-28","15:30:00",false,true,false,false,false,true,false,false,false,false,false,"https://raw.githubusercontent.com/iletisim-prog/fitroomus-sosyal-medya/main/g/s-os-gelinlik.jpg","","","","","","","","","","Gelinlik ürün fotoğrafı ve fitroomus yapay zeka manken görseli (Gelinlik/Abiye modu)","","","","","","","","","","",false,"","","","","","","","","","","","","","STORY",false,"","","","","","","","","","","","STORY","","","","","","","","","","","","","","","","","","","","","","","","","","","","","","","","","",""
"Abaya fotoğrafını telefonla çektin mi? 📱

Stüdyo, manken, fotoğrafçı yok. Sadece telefonun ve 1 dakika.

👉 Kredi kartı gerekmez. fitroomus.com

#abaya #tesettür #işlemeliabaya #eticaret #butik #instagrambutik #trendyolsatıcı #ürünfotoğrafı #mankençekimi #yapayzeka #fitroomus","2026-10-28","17:30:00",false,true,false,false,false,true,false,false,false,false,false,"https://raw.githubusercontent.com/iletisim-prog/fitroomus-sosyal-medya/main/g/f-hero-abaya.jpg","","","","","","","","","","Abaya ürün fotoğrafı ve fitroomus yapay zeka manken görseli (Lüks editorial)","","","","","","","","","","",false,"","","","","","","","","","","","","","POST",false,"","","","","","","","","","","","POST","","","","","","","","","","","","","","","","","","","","","","","","","","","","","","","","","",""
"Kadın takım · fitroomus ile 1 dakikada ✨ fitroomus.com","2026-10-28","19:00:00",false,true,false,false,false,true,false,false,false,false,false,"https://raw.githubusercontent.com/iletisim-prog/fitroomus-sosyal-medya/main/g/s-os-takim.jpg","","","","","","","","","","Kadın takım ürün fotoğrafı ve fitroomus yapay zeka manken görseli (Ofis modu)","","","","","","","","","","",false,"","","","","","","","","","","","","","STORY",false,"","","","","","","","","","","","STORY","","","","","","","","","","","","","","","","","","","","","","","","","","","","","","","","","",""
"Erkek mont satıyorsan bunu kaydet. 📌

Kışlık outdoor ile ürünün doğru sahnede, doğru stilde görünür.

👉 Yeni üyelere 2 paket ücretsiz — link profilde.

#erkekmont #şişmemont #kışmodası #eticarettürkiye #butikgiyim #onlinesatış #ürünçekimi #yapayzekafotoğraf #kadıngiyim #fitroomus","2026-10-28","20:30:00",false,true,false,false,false,true,false,false,false,false,false,"https://raw.githubusercontent.com/iletisim-prog/fitroomus-sosyal-medya/main/g/f-hero-erkekmont.jpg","","","","","","","","","","Erkek mont ürün fotoğrafı ve fitroomus yapay zeka manken görseli (Kışlık outdoor)","","","","","","","","","","",false,"","","","","","","","","","","","","","POST",false,"","","","","","","","","","","","POST","","","","","","","","","","","","","","","","","","","","","","","","","","","","","","","","","",""
"Pliseli etek · fitroomus ile 1 dakikada ✨ fitroomus.com","2026-10-28","21:30:00",false,true,false,false,false,true,false,false,false,false,false,"https://raw.githubusercontent.com/iletisim-prog/fitroomus-sosyal-medya/main/g/s-os-etek.jpg","","","","","","","","","","Pliseli etek ürün fotoğrafı ve fitroomus yapay zeka manken görseli (Ofis modu)","","","","","","","","","","",false,"","","","","","","","","","","","","","STORY",false,"","","","","","","","","","","","STORY","","","","","","","","","","","","","","","","","","","","","","","","","","","","","","","","","",""
"Keten gömlek · fitroomus ile 1 dakikada ✨ fitroomus.com","2026-10-28","22:30:00",false,true,false,false,false,true,false,false,false,false,false,"https://raw.githubusercontent.com/iletisim-prog/fitroomus-sosyal-medya/main/g/s-os-keten.jpg","","","","","","","","","","Keten gömlek ürün fotoğrafı ve fitroomus yapay zeka manken görseli (Plaj/yaz stili)","","","","","","","","","","",false,"","","","","","","","","","","","","","STORY",false,"","","","","","","","","","","","STORY","","","","","","","","","","","","","","","","","","","","","","","","","","","","","","","","","",""
"Tesettür tunik · fitroomus ile 1 dakikada ✨ fitroomus.com","2026-10-29","08:30:00",false,true,false,false,false,true,false,false,false,false,false,"https://raw.githubusercontent.com/iletisim-prog/fitroomus-sosyal-medya/main/g/s-os-tunik.jpg","","","","","","","","","","Tesettür tunik ürün fotoğrafı ve fitroomus yapay zeka manken görseli (Tesettür modu)","","","","","","","","","","",false,"","","","","","","","","","","","","","STORY",false,"","","","","","","","","","","","STORY","","","","","","","","","","","","","","","","","","","","","","","","","","","","","","","","","",""
"Biliyor muydun?: 1 kredi = 4 pozluk tam paket. 💡

Önden, yarı dönük, yakın plan ve yürürken.

👉 Yeni üyelere 2 paket ücretsiz — link profilde.

#butiksahibi #girişimci #eticaretipuçları #ürüngörseli #aimodel #modatasarım #fitroomus","2026-10-29","10:00:00",false,true,false,false,false,true,false,false,false,false,false,"https://raw.githubusercontent.com/iletisim-prog/fitroomus-sosyal-medya/main/g/f-ipucu-11.jpg","","","","","","","","","","fitroomus biliyor muydun?: 1 kredi = 4 pozluk tam paket.","","","","","","","","","","",false,"","","","","","","","","","","","","","POST",false,"","","","","","","","","","","","POST","","","","","","","","","","","","","","","","","","","","","","","","","","","","","","","","","",""
"Ferace · fitroomus ile 1 dakikada ✨ fitroomus.com","2026-10-29","12:00:00",false,true,false,false,false,true,false,false,false,false,false,"https://raw.githubusercontent.com/iletisim-prog/fitroomus-sosyal-medya/main/g/s-hero-ferace.jpg","","","","","","","","","","Ferace ürün fotoğrafı ve fitroomus yapay zeka manken görseli (Tesettür modu)","","","","","","","","","","",false,"","","","","","","","","","","","","","STORY",false,"","","","","","","","","","","","STORY","","","","","","","","","","","","","","","","","","","","","","","","","","","","","","","","","",""
"Bu gelinlik mağazada askıda duruyordu. 👀

fitroomus yapay zekası ürünü mankene giydiriyor: renk, kumaş ve kalıp aynen korunuyor.

👉 Kendi ürününle dene, ilk 2 paket bizden.

#gelinlik #gelin #düğün #eticaret #butik #instagrambutik #trendyolsatıcı #ürünfotoğrafı #mankençekimi #yapayzeka #fitroomus","2026-10-29","13:30:00",false,true,false,false,false,true,false,false,false,false,false,"https://raw.githubusercontent.com/iletisim-prog/fitroomus-sosyal-medya/main/g/f-hero-gelinlik.jpg","","","","","","","","","","Gelinlik ürün fotoğrafı ve fitroomus yapay zeka manken görseli (Gelinlik/Abiye modu)","","","","","","","","","","",false,"","","","","","","","","","","","","","POST",false,"","","","","","","","","","","","POST","","","","","","","","","","","","","","","","","","","","","","","","","","","","","","","","","",""
"Erkek mont · fitroomus ile 1 dakikada ✨ fitroomus.com","2026-10-29","15:30:00",false,true,false,false,false,true,false,false,false,false,false,"https://raw.githubusercontent.com/iletisim-prog/fitroomus-sosyal-medya/main/g/s-os-erkekmont.jpg","","","","","","","","","","Erkek mont ürün fotoğrafı ve fitroomus yapay zeka manken görseli (Kışlık outdoor)","","","","","","","","","","",false,"","","","","","","","","","","","","","STORY",false,"","","","","","","","","","","","STORY","","","","","","","","","","","","","","","","","","","","","","","","","","","","","","","","","",""
"Satış ipucu #6: Yeni ürünü aynı gün yayınla. 💡

Çekim beklerken trend kaçmasın. Fotoğrafı yükle, 1 dakikada hazır.

👉 Kendi ürününle dene, ilk 2 paket bizden.

#eticarettürkiye #butikgiyim #onlinesatış #ürünçekimi #yapayzekafotoğraf #kadıngiyim #fitroomus","2026-10-29","17:30:00",false,true,false,false,false,true,false,false,false,false,false,"https://raw.githubusercontent.com/iletisim-prog/fitroomus-sosyal-medya/main/g/f-ipucu-06.jpg","","","","","","","","","","fitroomus satış ipucu #6: Yeni ürünü aynı gün yayınla.","","","","","","","","","","",false,"","","","","","","","","","","","","","POST",false,"","","","","","","","","","","","POST","","","","","","","","","","","","","","","","","","","","","","","","","","","","","","","","","",""
"Yeni ürünü aynı gün yayınla. · fitroomus.com","2026-10-29","19:00:00",false,true,false,false,false,true,false,false,false,false,false,"https://raw.githubusercontent.com/iletisim-prog/fitroomus-sosyal-medya/main/g/s-ipucu-06.jpg","","","","","","","","","","fitroomus satış ipucu #6: Yeni ürünü aynı gün yayınla.","","","","","","","","","","",false,"","","","","","","","","","","","","","STORY",false,"","","","","","","","","","","","STORY","","","","","","","","","","","","","","","","","","","","","","","","","","","","","","","","","",""
"Satış ipucu #2: Mankenli görsel, düz fotoğraftan daha çok satar. 💡

Müşteri ürünü üzerinde görmek ister: duruşu, boyu, kalıbı.

👉 Kredi kartı gerekmez. fitroomus.com

#butiksahibi #girişimci #eticaretipuçları #ürüngörseli #aimodel #modatasarım #fitroomus","2026-10-29","20:30:00",false,true,false,false,false,true,false,false,false,false,false,"https://raw.githubusercontent.com/iletisim-prog/fitroomus-sosyal-medya/main/g/f-ipucu-02.jpg","","","","","","","","","","fitroomus satış ipucu #2: Mankenli görsel, düz fotoğraftan daha çok satar.","","","","","","","","","","",false,"","","","","","","","","","","","","","POST",false,"","","","","","","","","","","","POST","","","","","","","","","","","","","","","","","","","","","","","","","","","","","","","","","",""
"Uzun hırka · fitroomus ile 1 dakikada ✨ fitroomus.com","2026-10-29","21:30:00",false,true,false,false,false,true,false,false,false,false,false,"https://raw.githubusercontent.com/iletisim-prog/fitroomus-sosyal-medya/main/g/s-hero-hirka.jpg","","","","","","","","","","Uzun hırka ürün fotoğrafı ve fitroomus yapay zeka manken görseli (Ev/rahat giyim)","","","","","","","","","","",false,"","","","","","","","","","","","","","STORY",false,"","","","","","","","","","","","STORY","","","","","","","","","","","","","","","","","","","","","","","","","","","","","","","","","",""
"Ürün sayfasında en az 4 görsel olsun. · fitroomus.com","2026-10-29","22:30:00",false,true,false,false,false,true,false,false,false,false,false,"https://raw.githubusercontent.com/iletisim-prog/fitroomus-sosyal-medya/main/g/s-ipucu-01.jpg","","","","","","","","","","fitroomus satış ipucu #1: Ürün sayfasında en az 4 görsel olsun.","","","","","","","","","","",false,"","","","","","","","","","","","","","STORY",false,"","","","","","","","","","","","STORY","","","","","","","","","","","","","","","","","","","","","","","","","","","","","","","","","",""
"Tesettür abiye · fitroomus ile 1 dakikada ✨ fitroomus.com","2026-10-30","08:30:00",false,true,false,false,false,true,false,false,false,false,false,"https://raw.githubusercontent.com/iletisim-prog/fitroomus-sosyal-medya/main/g/s-os-tesetturabiye.jpg","","","","","","","","","","Tesettür abiye ürün fotoğrafı ve fitroomus yapay zeka manken görseli (Gelinlik/Abiye modu)","","","","","","","","","","",false,"","","","","","","","","","","","","","STORY",false,"","","","","","","","","","","","STORY","","","","","","","","","","","","","","","","","","","","","","","","","","","","","","","","","",""
"Triko elbise fotoğrafını telefonla çektin mi? 📱

Günlük casual ile ürünün doğru sahnede, doğru stilde görünür.

👉 Ücretsiz dene: fitroomus.com

#trikoelbise #elbise #günlükstil #eticaret #butik #instagrambutik #trendyolsatıcı #ürünfotoğrafı #mankençekimi #yapayzeka #fitroomus","2026-10-30","10:00:00",false,true,false,false,false,true,false,false,false,false,false,"https://raw.githubusercontent.com/iletisim-prog/fitroomus-sosyal-medya/main/g/f-os-kahve-2.jpg","","","","","","","","","","Triko elbise ürün fotoğrafı ve fitroomus yapay zeka manken görseli (Günlük casual)","","","","","","","","","","",false,"","","","","","","","","","","","","","POST",false,"","","","","","","","","","","","POST","","","","","","","","","","","","","","","","","","","","","","","","","","","","","","","","","",""
"Saten bluz · fitroomus ile 1 dakikada ✨ fitroomus.com","2026-10-30","12:00:00",false,true,false,false,false,true,false,false,false,false,false,"https://raw.githubusercontent.com/iletisim-prog/fitroomus-sosyal-medya/main/g/s-os-saten.jpg","","","","","","","","","","Saten bluz ürün fotoğrafı ve fitroomus yapay zeka manken görseli (Davet şıklığı)","","","","","","","","","","",false,"","","","","","","","","","","","","","STORY",false,"","","","","","","","","","","","STORY","","","","","","","","","","","","","","","","","","","","","","","","","","","","","","","","","",""
"Saten pijama satıyorsan bunu kaydet. 📌

Trendyol, Instagram ve web siten için hazır, yüksek çözünürlüklü görseller.

👉 Kendi ürününle dene, ilk 2 paket bizden.

#pijama #pijamatakımı #evgiyimi #eticarettürkiye #butikgiyim #onlinesatış #ürünçekimi #yapayzekafotoğraf #kadıngiyim #fitroomus","2026-10-30","13:30:00",false,true,false,false,false,true,false,false,false,false,false,"https://raw.githubusercontent.com/iletisim-prog/fitroomus-sosyal-medya/main/g/f-os-pijama-2.jpg","","","","","","","","","","Saten pijama ürün fotoğrafı ve fitroomus yapay zeka manken görseli (Ev/rahat giyim)","","","","","","","","","","",false,"","","","","","","","","","","","","","POST",false,"","","","","","","","","","","","POST","","","","","","","","","","","","","","","","","","","","","","","","","","","","","","","","","",""
"Abiye · fitroomus ile 1 dakikada ✨ fitroomus.com","2026-10-30","15:30:00",false,true,false,false,false,true,false,false,false,false,false,"https://raw.githubusercontent.com/iletisim-prog/fitroomus-sosyal-medya/main/g/s-ilk-S3-hediye.jpg","","","","","","","","","","Abiye ürün fotoğrafı ve fitroomus yapay zeka manken görseli (Gelinlik/Abiye modu)","","","","","","","","","","",false,"","","","","","","","","","","","","","STORY",false,"","","","","","","","","","","","STORY","","","","","","","","","","","","","","","","","","","","","","","","","","","","","","","","","",""
"Çekim günü beklemeden uzun hırka görselin hazır. ⏱️

fitroomus yapay zekası ürünü mankene giydiriyor: renk, kumaş ve kalıp aynen korunuyor.

👉 Kredi kartı gerekmez. fitroomus.com

#hırka #uzunhırka #tesettürkombin #butiksahibi #girişimci #eticaretipuçları #ürüngörseli #aimodel #modatasarım #fitroomus","2026-10-30","17:30:00",false,true,false,false,false,true,false,false,false,false,false,"https://raw.githubusercontent.com/iletisim-prog/fitroomus-sosyal-medya/main/g/f-os-hirka-1.jpg","","","","","","","","","","Uzun hırka ürün fotoğrafı ve fitroomus yapay zeka manken görseli (Ev/rahat giyim)","","","","","","","","","","",false,"","","","","","","","","","","","","","POST",false,"","","","","","","","","","","","POST","","","","","","","","","","","","","","","","","","","","","","","","","","","","","","","","","",""
"Kaftan · fitroomus ile 1 dakikada ✨ fitroomus.com","2026-10-30","19:00:00",false,true,false,false,false,true,false,false,false,false,false,"https://raw.githubusercontent.com/iletisim-prog/fitroomus-sosyal-medya/main/g/s-os-kaftan.jpg","","","","","","","","","","Kaftan ürün fotoğrafı ve fitroomus yapay zeka manken görseli (Lüks editorial)","","","","","","","","","","",false,"","","","","","","","","","","","","","STORY",false,"","","","","","","","","","","","STORY","","","","","","","","","","","","","","","","","","","","","","","","","","","","","","","","","",""
"Biliyor muydun?: 12 stil modu var. 💡

Tesettür, abiye, ofis, sokak, plaj, kışlık, lüks editorial ve daha fazlası.

👉 Kredi kartı gerekmez. fitroomus.com

#eticaret #butik #instagrambutik #trendyolsatıcı #ürünfotoğrafı #mankençekimi #yapayzeka #fitroomus","2026-10-30","20:30:00",false,true,false,false,false,true,false,false,false,false,false,"https://raw.githubusercontent.com/iletisim-prog/fitroomus-sosyal-medya/main/g/f-ipucu-12.jpg","","","","","","","","","","fitroomus biliyor muydun?: 12 stil modu var.","","","","","","","","","","",false,"","","","","","","","","","","","","","POST",false,"","","","","","","","","","","","POST","","","","","","","","","","","","","","","","","","","","","","","","","","","","","","","","","",""
"Abiye · fitroomus ile 1 dakikada ✨ fitroomus.com","2026-10-30","21:30:00",false,true,false,false,false,true,false,false,false,false,false,"https://raw.githubusercontent.com/iletisim-prog/fitroomus-sosyal-medya/main/g/s-hero-abiye.jpg","","","","","","","","","","Abiye ürün fotoğrafı ve fitroomus yapay zeka manken görseli (Gelinlik/Abiye modu)","","","","","","","","","","",false,"","","","","","","","","","","","","","STORY",false,"","","","","","","","","","","","STORY","","","","","","","","","","","","","","","","","","","","","","","","","","","","","","","","","",""
"Hikâyelerde 9:16 dikey görsel kullan. · fitroomus.com","2026-10-30","22:30:00",false,true,false,false,false,true,false,false,false,false,false,"https://raw.githubusercontent.com/iletisim-prog/fitroomus-sosyal-medya/main/g/s-ipucu-05.jpg","","","","","","","","","","fitroomus satış ipucu #5: Hikâyelerde 9:16 dikey görsel kullan.","","","","","","","","","","",false,"","","","","","","","","","","","","","STORY",false,"","","","","","","","","","","","STORY","","","","","","","","","","","","","","","","","","","","","","","","","","","","","","","","","",""
"Yeni üyeye 2 paket hediye. · fitroomus.com","2026-10-31","08:30:00",false,true,false,false,false,true,false,false,false,false,false,"https://raw.githubusercontent.com/iletisim-prog/fitroomus-sosyal-medya/main/g/s-ipucu-14.jpg","","","","","","","","","","fitroomus biliyor muydun?: Yeni üyeye 2 paket hediye.","","","","","","","","","","",false,"","","","","","","","","","","","","","STORY",false,"","","","","","","","","","","","STORY","","","","","","","","","","","","","","","","","","","","","","","","","","","","","","","","","",""
"Pliseli etek için stüdyo kiralamana gerek yok. ✨

Stüdyo, manken, fotoğrafçı yok. Sadece telefonun ve 1 dakika.

👉 Ücretsiz dene: fitroomus.com

#etek #pliseetek #ofisşıklığı #eticarettürkiye #butikgiyim #onlinesatış #ürünçekimi #yapayzekafotoğraf #kadıngiyim #fitroomus","2026-10-31","10:00:00",false,true,false,false,false,true,false,false,false,false,false,"https://raw.githubusercontent.com/iletisim-prog/fitroomus-sosyal-medya/main/g/f-hero-etek.jpg","","","","","","","","","","Pliseli etek ürün fotoğrafı ve fitroomus yapay zeka manken görseli (Ofis modu)","","","","","","","","","","",false,"","","","","","","","","","","","","","POST",false,"","","","","","","","","","","","POST","","","","","","","","","","","","","","","","","","","","","","","","","","","","","","","","","",""
"1 kredi = 4 pozluk tam paket. · fitroomus.com","2026-10-31","12:00:00",false,true,false,false,false,true,false,false,false,false,false,"https://raw.githubusercontent.com/iletisim-prog/fitroomus-sosyal-medya/main/g/s-ipucu-11.jpg","","","","","","","","","","fitroomus biliyor muydun?: 1 kredi = 4 pozluk tam paket.","","","","","","","","","","",false,"","","","","","","","","","","","","","STORY",false,"","","","","","","","","","","","STORY","","","","","","","","","","","","","","","","","","","","","","","","","","","","","","","","","",""
"Önce / sonra: tesettür abiye 👇

Gelinlik/Abiye modu ile ürünün doğru sahnede, doğru stilde görünür.

👉 Kendi ürününle dene, ilk 2 paket bizden.

#tesettürabiye #abiye #düğün #butiksahibi #girişimci #eticaretipuçları #ürüngörseli #aimodel #modatasarım #fitroomus","2026-10-31","13:30:00",false,true,false,false,false,true,false,false,false,false,false,"https://raw.githubusercontent.com/iletisim-prog/fitroomus-sosyal-medya/main/g/f-hero-tesetturabiye.jpg","","","","","","","","","","Tesettür abiye ürün fotoğrafı ve fitroomus yapay zeka manken görseli (Gelinlik/Abiye modu)","","","","","","","","","","",false,"","","","","","","","","","","","","","POST",false,"","","","","","","","","","","","POST","","","","","","","","","","","","","","","","","","","","","","","","","","","","","","","","","",""
"Çocuk eşofmanı · fitroomus ile 1 dakikada ✨ fitroomus.com","2026-10-31","15:30:00",false,true,false,false,false,true,false,false,false,false,false,"https://raw.githubusercontent.com/iletisim-prog/fitroomus-sosyal-medya/main/g/s-hero-cocukesofman.jpg","","","","","","","","","","Çocuk eşofmanı ürün fotoğrafı ve fitroomus yapay zeka manken görseli (Spor modu)","","","","","","","","","","",false,"","","","","","","","","","","","","","STORY",false,"","","","","","","","","","","","STORY","","","","","","","","","","","","","","","","","","","","","","","","","","","","","","","","","",""
"Kaftan fotoğrafını telefonla çektin mi? 📱

Trendyol, Instagram ve web siten için hazır, yüksek çözünürlüklü görseller.

👉 Kredi kartı gerekmez. fitroomus.com

#kaftan #tatilmodası #resortwear #eticaret #butik #instagrambutik #trendyolsatıcı #ürünfotoğrafı #mankençekimi #yapayzeka #fitroomus","2026-10-31","17:30:00",false,true,false,false,false,true,false,false,false,false,false,"https://raw.githubusercontent.com/iletisim-prog/fitroomus-sosyal-medya/main/g/f-hero-kaftan.jpg","","","","","","","","","","Kaftan ürün fotoğrafı ve fitroomus yapay zeka manken görseli (Lüks editorial)","","","","","","","","","","",false,"","","","","","","","","","","","","","POST",false,"","","","","","","","","","","","POST","","","","","","","","","","","","","","","","","","","","","","","","","","","","","","","","","",""
"Triko kazak · fitroomus ile 1 dakikada ✨ fitroomus.com","2026-10-31","19:00:00",false,true,false,false,false,true,false,false,false,false,false,"https://raw.githubusercontent.com/iletisim-prog/fitroomus-sosyal-medya/main/g/s-hero-triko.jpg","","","","","","","","","","Triko kazak ürün fotoğrafı ve fitroomus yapay zeka manken görseli (Günlük casual)","","","","","","","","","","",false,"","","","","","","","","","","","","","STORY",false,"","","","","","","","","","","","STORY","","","","","","","","","","","","","","","","","","","","","","","","","","","","","","","","","",""
"Saten pijama satıyorsan bunu kaydet. 📌

fitroomus yapay zekası ürünü mankene giydiriyor: renk, kumaş ve kalıp aynen korunuyor.

👉 Yeni üyelere 2 paket ücretsiz — link profilde.

#pijama #pijamatakımı #evgiyimi #eticarettürkiye #butikgiyim #onlinesatış #ürünçekimi #yapayzekafotoğraf #kadıngiyim #fitroomus","2026-10-31","20:30:00",false,true,false,false,false,true,false,false,false,false,false,"https://raw.githubusercontent.com/iletisim-prog/fitroomus-sosyal-medya/main/g/f-os-pijama-1.jpg","","","","","","","","","","Saten pijama ürün fotoğrafı ve fitroomus yapay zeka manken görseli (Ev/rahat giyim)","","","","","","","","","","",false,"","","","","","","","","","","","","","POST",false,"","","","","","","","","","","","POST","","","","","","","","","","","","","","","","","","","","","","","","","","","","","","","","","",""
"Uzun hırka · fitroomus ile 1 dakikada ✨ fitroomus.com","2026-10-31","21:30:00",false,true,false,false,false,true,false,false,false,false,false,"https://raw.githubusercontent.com/iletisim-prog/fitroomus-sosyal-medya/main/g/s-os-hirka.jpg","","","","","","","","","","Uzun hırka ürün fotoğrafı ve fitroomus yapay zeka manken görseli (Ev/rahat giyim)","","","","","","","","","","",false,"","","","","","","","","","","","","","STORY",false,"","","","","","","","","","","","STORY","","","","","","","","","","","","","","","","","","","","","","","","","","","","","","","","","",""
"Pardesü · fitroomus ile 1 dakikada ✨ fitroomus.com","2026-10-31","22:30:00",false,true,false,false,false,true,false,false,false,false,false,"https://raw.githubusercontent.com/iletisim-prog/fitroomus-sosyal-medya/main/g/s-os-pardesu.jpg","","","","","","","","","","Pardesü ürün fotoğrafı ve fitroomus yapay zeka manken görseli (Tesettür modu)","","","","","","","","","","",false,"","","","","","","","","","","","","","STORY",false,"","","","","","","","","","","","STORY","","","","","","","","","","","","","","","","","","","","","","","","","","","","","","","","","",""
"Plaj elbisesi · fitroomus ile 1 dakikada ✨ fitroomus.com","2026-11-01","08:30:00",false,true,false,false,false,true,false,false,false,false,false,"https://raw.githubusercontent.com/iletisim-prog/fitroomus-sosyal-medya/main/g/s-hero-plaj.jpg","","","","","","","","","","Plaj elbisesi ürün fotoğrafı ve fitroomus yapay zeka manken görseli (Plaj stili)","","","","","","","","","","",false,"","","","","","","","","","","","","","STORY",false,"","","","","","","","","","","","STORY","","","","","","","","","","","","","","","","","","","","","","","","","","","","","","","","","",""
"Çekim günü beklemeden pardesü görselin hazır. ⏱️

Tek fotoğraftan aynı mankenle 4 poz: önden, yarı dönük, yakın plan ve yürürken.

👉 Ücretsiz dene: fitroomus.com

#pardesü #tesettürpardesü #sonbahar #butiksahibi #girişimci #eticaretipuçları #ürüngörseli #aimodel #modatasarım #fitroomus","2026-11-01","10:00:00",false,true,false,false,false,true,false,false,false,false,false,"https://raw.githubusercontent.com/iletisim-prog/fitroomus-sosyal-medya/main/g/f-os-pardesu-2.jpg","","","","","","","","","","Pardesü ürün fotoğrafı ve fitroomus yapay zeka manken görseli (Tesettür modu)","","","","","","","","","","",false,"","","","","","","","","","","","","","POST",false,"","","","","","","","","","","","POST","","","","","","","","","","","","","","","","","","","","","","","","","","","","","","","","","",""
"Erkek takım elbise · fitroomus ile 1 dakikada ✨ fitroomus.com","2026-11-01","12:00:00",false,true,false,false,false,true,false,false,false,false,false,"https://raw.githubusercontent.com/iletisim-prog/fitroomus-sosyal-medya/main/g/s-os-erkektakim.jpg","","","","","","","","","","Erkek takım elbise ürün fotoğrafı ve fitroomus yapay zeka manken görseli (Lüks editorial)","","","","","","","","","","",false,"","","","","","","","","","","","","","STORY",false,"","","","","","","","","","","","STORY","","","","","","","","","","","","","","","","","","","","","","","","","","","","","","","","","",""
"Bu kaban mağazada askıda duruyordu. 👀

Stüdyo, manken, fotoğrafçı yok. Sadece telefonun ve 1 dakika.

👉 Kendi ürününle dene, ilk 2 paket bizden.

#kaban #tesettürkaban #kışmodası #eticaret #butik #instagrambutik #trendyolsatıcı #ürünfotoğrafı #mankençekimi #yapayzeka #fitroomus","2026-11-01","13:30:00",false,true,false,false,false,true,false,false,false,false,false,"https://raw.githubusercontent.com/iletisim-prog/fitroomus-sosyal-medya/main/g/f-hero-kaban.jpg","","","","","","","","","","Kaban ürün fotoğrafı ve fitroomus yapay zeka manken görseli (Tesettür modu)","","","","","","","","","","",false,"","","","","","","","","","","","","","POST",false,"","","","","","","","","","","","POST","","","","","","","","","","","","","","","","","","","","","","","","","","","","","","","","","",""
"Sweatshirt · fitroomus ile 1 dakikada ✨ fitroomus.com","2026-11-01","15:30:00",false,true,false,false,false,true,false,false,false,false,false,"https://raw.githubusercontent.com/iletisim-prog/fitroomus-sosyal-medya/main/g/s-os-sweat.jpg","","","","","","","","","","Sweatshirt ürün fotoğrafı ve fitroomus yapay zeka manken görseli (Günlük casual)","","","","","","","","","","",false,"","","","","","","","","","","","","","STORY",false,"","","","","","","","","","","","STORY","","","","","","","","","","","","","","","","","","","","","","","","","","","","","","","","","",""
"Erkek gömlek için stüdyo kiralamana gerek yok. ✨

Ofis modu ile ürünün doğru sahnede, doğru stilde görünür.

👉 Kredi kartı gerekmez. fitroomus.com

#erkekgiyim #erkekgömlek #erkekmodası #eticarettürkiye #butikgiyim #onlinesatış #ürünçekimi #yapayzekafotoğraf #kadıngiyim #fitroomus","2026-11-01","17:30:00",false,true,false,false,false,true,false,false,false,false,false,"https://raw.githubusercontent.com/iletisim-prog/fitroomus-sosyal-medya/main/g/f-hero-erkekgomlek.jpg","","","","","","","","","","Erkek gömlek ürün fotoğrafı ve fitroomus yapay zeka manken görseli (Ofis modu)","","","","","","","","","","",false,"","","","","","","","","","","","","","POST",false,"","","","","","","","","","","","POST","","","","","","","","","","","","","","","","","","","","","","","","","","","","","","","","","",""
"Abiye · fitroomus ile 1 dakikada ✨ fitroomus.com","2026-11-01","19:00:00",false,true,false,false,false,true,false,false,false,false,false,"https://raw.githubusercontent.com/iletisim-prog/fitroomus-sosyal-medya/main/g/s-os-abiye.jpg","","","","","","","","","","Abiye ürün fotoğrafı ve fitroomus yapay zeka manken görseli (Gelinlik/Abiye modu)","","","","","","","","","","",false,"","","","","","","","","","","","","","STORY",false,"","","","","","","","","","","","STORY","","","","","","","","","","","","","","","","","","","","","","","","","","","","","","","","","",""
"Önce / sonra: erkek mont 👇

Trendyol, Instagram ve web siten için hazır, yüksek çözünürlüklü görseller.

👉 Yeni üyelere 2 paket ücretsiz — link profilde.

#erkekmont #şişmemont #kışmodası #butiksahibi #girişimci #eticaretipuçları #ürüngörseli #aimodel #modatasarım #fitroomus","2026-11-01","20:30:00",false,true,false,false,false,true,false,false,false,false,false,"https://raw.githubusercontent.com/iletisim-prog/fitroomus-sosyal-medya/main/g/f-os-erkekmont-1.jpg","","","","","","","","","","Erkek mont ürün fotoğrafı ve fitroomus yapay zeka manken görseli (Kışlık outdoor)","","","","","","","","","","",false,"","","","","","","","","","","","","","POST",false,"","","","","","","","","","","","POST","","","","","","","","","","","","","","","","","","","","","","","","","","","","","","","","","",""
"Desenli gömlek · fitroomus ile 1 dakikada ✨ fitroomus.com","2026-11-01","21:30:00",false,true,false,false,false,true,false,false,false,false,false,"https://raw.githubusercontent.com/iletisim-prog/fitroomus-sosyal-medya/main/g/s-os-gomlek.jpg","","","","","","","","","","Desenli gömlek ürün fotoğrafı ve fitroomus yapay zeka manken görseli (Sokak stili)","","","","","","","","","","",false,"","","","","","","","","","","","","","STORY",false,"","","","","","","","","","","","STORY","","","","","","","","","","","","","","","","","","","","","","","","","","","","","","","","","",""
"Erkek gömlek · fitroomus ile 1 dakikada ✨ fitroomus.com","2026-11-01","22:30:00",false,true,false,false,false,true,false,false,false,false,false,"https://raw.githubusercontent.com/iletisim-prog/fitroomus-sosyal-medya/main/g/s-hero-erkekgomlek.jpg","","","","","","","","","","Erkek gömlek ürün fotoğrafı ve fitroomus yapay zeka manken görseli (Ofis modu)","","","","","","","","","","",false,"","","","","","","","","","","","","","STORY",false,"","","","","","","","","","","","STORY","","","","","","","","","","","","","","","","","","","","","","","","","","","","","","","","","",""
